DonorID,DonorStatus,Recurring Status,Name,Total Contributions ($),Total Contributions (Freq),DonorType,First Gift Date,Last Gift Date,Recency (Days),Recurring Status Freq,Gift Officer,,,,,,,,,,,,,,,,,,,,,
D-00001,Active,Not Recurrent,Patricia Mitchell,$250.00,1,Individual,9/14/2025,9/14/2025,108,Not Recurrent,Maria Chen,,,,,,,,,,,,,,,,,,,,,
D-00002,Lapsing,Not Recurrent,Patricia Garcia,$275.00,3,Individual,5/22/2022,9/8/2024,479,Not Recurrent,Priya Nair,,,,,,,,,,,,,,,,,,,,,
D-00003,Lapsed,Not Recurrent,Emily Smith,$250.00,1,Individual,5/30/2023,5/30/2023,946,Not Recurrent,Aisha Bello,,,,,,,,,,,,,,,,,,,,,
D-00004,Lapsed,Not Recurrent,Melissa Thompson,$150.00,1,Individual,5/30/2022,5/30/2022,1311,Not Recurrent,Tom Russo,,,,,,,,,,,,,,,,,,,,,
D-00005,Active,Not Recurrent,Samantha White,"$26,000.00",3,Individual,3/18/2022,8/12/2025,141,Not Recurrent,Maria Chen,,,,,,,,,,,,,,,,,,,,,
D-00006,Active,Active,Richard Harris,"$2,625.00",35,Individual,2/3/2023,12/3/2025,28,Monthly,James Whitfield,,,,,,,,,,,,,,,,,,,,,
D-00007,Active,Not Recurrent,Elizabeth Hill,"$23,500.00",4,Individual,10/31/2022,1/9/2025,356,Not Recurrent,James Whitfield,,,,,,,,,,,,,,,,,,,,,
D-00008,Lapsed,Not Recurrent,Brenda Anderson,$100.00,1,Individual,7/2/2022,7/2/2022,1278,Not Recurrent,James Whitfield,,,,,,,,,,,,,,,,,,,,,
D-00009,Active,Not Recurrent,Larry Rivera,$250.00,1,Individual,3/5/2025,3/5/2025,301,Not Recurrent,Tom Russo,,,,,,,,,,,,,,,,,,,,,
D-00010,Active,Not Recurrent,Brenda Wright,"$27,500.00",3,Individual,3/31/2023,9/29/2025,93,Not Recurrent,Priya Nair,,,,,,,,,,,,,,,,,,,,,
D-00011,Active,Not Recurrent,Shirley Garcia,$325.00,3,Individual,3/18/2022,10/3/2025,89,Not Recurrent,James Whitfield,,,,As of date,,,,,,,,,,,,,,,,,
D-00012,Active,Active,Kathleen King,"$1,200.00",45,Individual,1/1/2022,12/1/2025,30,Monthly,Maria Chen,,,,12/31/2025,,,,,,,,,,,,,,,,,
D-00013,Lapsed,Not Recurrent,Donna Ramirez,$250.00,2,Individual,10/14/2022,11/13/2022,1144,Not Recurrent,Priya Nair,,,,,,,,,,,,,,,,,,,,,
D-00014,Active,Not Recurrent,Joshua Green,"$40,000.00",4,Individual,11/29/2022,3/4/2025,302,Not Recurrent,Aisha Bello,,,DonorType,DonorStatus,Avg Recency (days),Sum of Total Contributions (%),DonorID Count,,CampaignName,CampaignID,Gift Counts,Sum of Gifts ($),Goal Amt($),Goal (%),,DonorStatus,Donor Counts,Avg Contributions,Avg of Recency (days),Sum of Total Contributions ($),
D-00015,Lapsing,Not Recurrent,James Hill,$100.00,1,Individual,12/27/2024,12/27/2024,369,Not Recurrent,Aisha Bello,,,Individual,Lapsed,6323,79.33%,349,,2022 Year-End Appeal,CMP-01,49,"$48,475.00","$40,000.00",121.19%,,Active,321,10.8,125,"$775,360.00",
D-00016,Never Gave,Not Recurrent,William Garcia,$0.00,0,Individual,1/0/1900,1/0/1900,46022,Not Recurrent,James Whitfield,,,,Lapsing,542,9.82%,75,,2022 Spring Gala,CMP-02,43,"$44,675.00","$60,000.00",74.46%,,Lapsed,158,1.7,1052,"$29,010.00",
D-00017,Never Gave,Not Recurrent,Helen Hill,$0.00,0,Individual,1/0/1900,1/0/1900,46022,Not Recurrent,James Whitfield,,,,Active,177,3.10%,114,,Giving Tuesday 2022,CMP-03,41,"$17,750.00","$15,000.00",118.33%,,Lapsing,77,2.6,531,"$31,820.00",
D-00018,Active,Active,Jeffrey King,"$1,200.00",46,Individual,1/1/2022,12/1/2025,30,Monthly,Maria Chen,,,Individual Total,,4215,92.25%,538,,2023 Year-End Appeal,CMP-04,43,"$37,825.00","$45,000.00",84.06%,,Grand Total,556,7.1,444,"$836,190.00",
D-00019,Active,Not Recurrent,Lakeside Rotary Club,$25.00,1,Organization,5/24/2025,5/24/2025,221,Not Recurrent,Aisha Bello,,,Organization,Lapsed,6006,5.47%,37,,2023 Spring Gala,CMP-05,40,"$35,450.00","$65,000.00",54.54%,,,,,,,
D-00020,Lapsing,Not Recurrent,Anna Rodriguez,$100.00,1,Individual,5/25/2024,5/25/2024,585,Not Recurrent,Tom Russo,,,,Lapsing,485,2.13%,14,,Giving Tuesday 2023,CMP-06,42,"$41,775.00","$18,000.00",232.08%,,,,,,,
D-00021,Lapsed,Not Recurrent,Jason Clark,$200.00,2,Individual,6/7/2022,8/1/2022,1248,Not Recurrent,Maria Chen,,,,Active,186,0.15%,11,,Community 5K Fun Run 2023,CMP-07,42,"$38,050.00","$12,000.00",317.08%,,Active,321,,,Active,"$775,360.00"
D-00022,Active,Not Recurrent,Northgate Manufacturing,$450.00,4,Organization,9/1/2022,8/26/2025,127,Not Recurrent,Aisha Bello,,,Organization Total,,3727,7.75%,62,,2024 Year-End Appeal,CMP-08,31,"$56,625.00","$50,000.00",113.25%,,Lapsed,158,,,Lapsed,"$29,010.00"
D-00023,Active,Not Recurrent,Stephen Miller,$25.00,1,Individual,12/16/2025,12/16/2025,15,Not Recurrent,Maria Chen,,,Grand Total,,4165,100.00%,600,,2024 Spring Gala,CMP-09,27,"$5,825.00","$70,000.00",8.32%,,Lapsing,77,,,Lapsing,"$31,820.00"
D-00024,Lapsing,Not Recurrent,Margaret Sanchez,$700.00,3,Individual,9/10/2022,5/12/2024,598,Not Recurrent,Tom Russo,,,,,,,,,Giving Tuesday 2024,CMP-10,43,"$70,525.00","$20,000.00",352.63%,,,,,,,
D-00025,Lapsed,Not Recurrent,Brenda Nelson,$50.00,1,Individual,2/1/2023,2/1/2023,1064,Not Recurrent,James Whitfield,,,,,,,,,Community 5K Fun Run 2024,CMP-11,25,"$42,225.00","$13,000.00",324.81%,,,,,,,
D-00026,Never Gave,Not Recurrent,Michael Nguyen,$0.00,0,Individual,1/0/1900,1/0/1900,46022,Not Recurrent,James Whitfield,,,,,,,,,2025 Year-End Appeal,CMP-12,35,"$31,225.00","$55,000.00",56.77%,,,,,,,
D-00027,Active,Active,Cedar Ridge Corporation,$80.00,8,Organization,5/22/2025,12/22/2025,9,Monthly,James Whitfield,,,,,,,,,2025 Spring Gala,CMP-13,41,"$17,775.00","$75,000.00",23.70%,,,,,,,
D-00028,Lapsed,Not Recurrent,Justin Torres,$75.00,1,Individual,10/8/2022,10/8/2022,1180,Not Recurrent,James Whitfield,,,,,,,,,Giving Tuesday 2025,CMP-14,38,"$49,650.00","$22,000.00",225.68%,,,,,,,
D-00029,Lapsed,Not Recurrent,Joshua Robinson,$50.00,1,Individual,11/30/2022,11/30/2022,1127,Not Recurrent,Maria Chen,,,,,,,,,Community 5K Fun Run 2025,CMP-15,51,"$91,275.00","$14,000.00",651.96%,,,,,,,
D-00030,Lapsed,Not Recurrent,Kimberly Rodriguez,$50.00,1,Individual,8/2/2022,8/2/2022,1247,Not Recurrent,Aisha Bello,,,,,,,,,Monthly Giving Program,CMP-16,3432,"$157,015.00",$0.00,N/A,,,,,,,
D-00031,Active,Not Recurrent,Brandon Adams,$75.00,1,Individual,11/21/2025,11/21/2025,40,Not Recurrent,Aisha Bello,,,,,,,,,Corporate Match Drive 2024,CMP-17,25,"$13,700.00","$25,000.00",54.80%,,,,,,,
D-00032,Lapsing,Not Recurrent,Stephen Martinez,$200.00,3,Individual,3/2/2022,8/8/2024,510,Not Recurrent,Aisha Bello,,,,,,,,,Emergency Relief Appeal 2025,CMP-18,37,"$36,350.00","$30,000.00",121.17%,,,,,,,
D-00033,Active,Canceled,Michael Garcia,$240.00,15,Individual,1/1/2022,10/1/2025,91,Quarterly,Maria Chen,,,,,,,,,,Grand Total,4085,"$836,190.00",,,,,,,,,
D-00034,Active,Not Recurrent,Jeffrey Scott,$100.00,1,Individual,4/22/2025,4/22/2025,253,Not Recurrent,Maria Chen,,,,,,,,,,,,,,,,,,,,,
D-00035,Active,Active,Stephen Martinez,"$3,225.00",42,Individual,6/16/2022,12/16/2025,15,Monthly,Aisha Bello,,,,,,,,,,,,,,,,,,,,,
D-00036,Never Gave,Not Recurrent,Melissa Roberts,$0.00,0,Individual,1/0/1900,1/0/1900,46022,Not Recurrent,Priya Nair,,,,,,,,,,,,,,,,2022 Year-End Appeal,"$48,475.00 ",,,,
D-00037,Lapsed,Not Recurrent,Daniel Clark,$250.00,1,Individual,6/24/2023,6/24/2023,921,Not Recurrent,Tom Russo,,,,,,,,,,,,,,,,2022 Spring Gala,"$44,675.00",,,,
D-00038,Lapsed,Not Recurrent,Susan Harris,$500.00,2,Individual,7/20/2022,12/4/2022,1123,Not Recurrent,James Whitfield,,,,,,,,,,,,,,,,Giving Tuesday 2022,"$17,750.00",,,,
D-00039,Active,Not Recurrent,Mark Johnson,$200.00,2,Individual,3/7/2022,2/19/2025,315,Not Recurrent,Maria Chen,,,,,,,,,,,,,,,,2023 Year-End Appeal,"$37,825.00",,,,
D-00040,Active,Not Recurrent,Jonathan Perez,$50.00,1,Individual,9/16/2025,9/16/2025,106,Not Recurrent,James Whitfield,,,,,,,,,,,,,,,,2023 Spring Gala,"$35,450.00",,,,
D-00041,Active,Not Recurrent,Kenneth Ramirez,$250.00,1,Individual,4/28/2025,4/28/2025,247,Not Recurrent,Tom Russo,,,,,,,,,,,,,,,,Giving Tuesday 2023,"$41,775.00",,,,
D-00042,Lapsing,Canceled,Eric Wright,$520.00,24,Individual,1/1/2022,2/1/2024,699,Monthly,Aisha Bello,,,,,,,,,,,,,,,,Community 5K Fun Run 2023,"$38,050.00",,,,
D-00043,Active,Active,Michelle Nelson,$375.00,15,Individual,4/26/2022,10/26/2025,66,Quarterly,Priya Nair,,,,,,,,,,,,,,,,2024 Year-End Appeal,"$56,625.00",,,,
D-00044,Active,Not Recurrent,Daniel Flores,$75.00,1,Individual,1/19/2025,1/19/2025,346,Not Recurrent,Maria Chen,,,,,,,,,,,,,,,,2024 Spring Gala,"$5,825.00",,,,
D-00045,Active,Active,Carol Robinson,$960.00,45,Individual,1/1/2022,12/1/2025,30,Monthly,Priya Nair,,,,,,,,,,,,,,,,Giving Tuesday 2024,"$70,525.00",,,,
D-00046,Active,Not Recurrent,Samantha Perez,$75.00,1,Individual,5/1/2025,5/1/2025,244,Not Recurrent,Aisha Bello,,,,,,,,,,,,,,,,Community 5K Fun Run 2024,"$42,225.00",,,,
D-00047,Active,Not Recurrent,Jacob Flores,$500.00,1,Individual,12/18/2025,12/18/2025,13,Not Recurrent,James Whitfield,,,,,,,,,,,,,,,,2025 Year-End Appeal,"$31,225.00",,,,
D-00048,Lapsing,Not Recurrent,James Carter,$50.00,1,Individual,4/28/2024,4/28/2024,612,Not Recurrent,James Whitfield,,,,,,,,,,,,,,,,2025 Spring Gala,"$17,775.00",,,,
D-00049,Active,Active,Jessica Robinson,$130.00,12,Individual,12/15/2024,12/15/2025,16,Monthly,Priya Nair,,,,,,,,,,,,,,,,Giving Tuesday 2025,"$49,650.00",,,,
D-00050,Lapsed,Not Recurrent,Nicholas Ramirez,$250.00,1,Individual,8/3/2023,8/3/2023,881,Not Recurrent,Tom Russo,,,,,,,,,,,,,,,,Community 5K Fun Run 2025,"$91,275.00",,,,
D-00051,Active,Not Recurrent,Eric Young,$350.00,1,Individual,12/16/2024,7/16/2025,168,Not Recurrent,Aisha Bello,,,,,,,,,,,,,,,,Monthly Giving Program,"$157,015.00",,,,
D-00052,Lapsed,Not Recurrent,Sarah Martinez,$50.00,1,Individual,7/1/2023,7/1/2023,914,Not Recurrent,James Whitfield,,,,,,,,,,,,,,,,Corporate Match Drive 2024,"$13,700.00",,,,
D-00053,Active,Not Recurrent,Linda Wilson,$200.00,1,Individual,10/14/2025,10/14/2025,78,Not Recurrent,Maria Chen,,,,,,,,,,,,,,,,Emergency Relief Appeal 2025,"$36,350.00",,,,
D-00054,Never Gave,Not Recurrent,Joshua Carter,$0.00,0,Individual,1/0/1900,1/0/1900,46022,Not Recurrent,Priya Nair,,,,,,,,,,,,,,,,,,,,,
D-00055,Active,Canceled,Gary Anderson,$320.00,16,Individual,1/1/2022,10/1/2025,91,Quarterly,Tom Russo,,,,,,,,,,,,,,,,,,,,,
D-00056,Lapsing,Not Recurrent,Thomas Flores,$25.00,1,Individual,9/12/2024,9/12/2024,475,Not Recurrent,Priya Nair,,,,,,,,,,,,,,,,,,,,,
D-00057,Active,Active,Kathleen Lopez,"$1,000.00",38,Individual,9/2/2022,12/2/2025,29,Monthly,James Whitfield,,,,,,,,,,,,,,,,,,,,,
D-00058,Never Gave,Not Recurrent,Laura Taylor,$0.00,0,Individual,1/0/1900,1/0/1900,46022,Not Recurrent,Maria Chen,,,,,,,,,,,,,,,,,,,,,
D-00059,Lapsing,Not Recurrent,Patricia Thomas,$350.00,2,Individual,6/1/2022,7/30/2024,519,Not Recurrent,James Whitfield,,,,,,,,,,,,,,,,,,,,,
D-00060,Lapsed,Not Recurrent,Steven Roberts,$50.00,1,Individual,9/15/2022,9/15/2022,1203,Not Recurrent,James Whitfield,,,,,,,,,,,,,,,,,,,,,
D-00061,Lapsed,Not Recurrent,Edward Sanchez,$400.00,2,Individual,1/24/2022,8/21/2022,1228,Not Recurrent,Maria Chen,,,,,,,,,,,,,,,,,,,,,
D-00062,Lapsing,Not Recurrent,Jessica Torres,$25.00,1,Individual,5/24/2024,5/24/2024,586,Not Recurrent,Aisha Bello,,,,,,,,,,,,,,,,,,,,,
D-00063,Active,Not Recurrent,Gary Miller,"$8,500.00",2,Individual,8/10/2024,12/2/2025,29,Not Recurrent,James Whitfield,,,,,,,,,,,,,,,,,,,,,
D-00064,Active,Not Recurrent,Jonathan Roberts,$150.00,1,Individual,12/25/2025,12/25/2025,6,Not Recurrent,Aisha Bello,,,,,,,,,,,,,,,,,,,,,
D-00065,Active,Not Recurrent,Kathleen Torres,$950.00,3,Individual,4/8/2022,12/26/2025,5,Not Recurrent,Maria Chen,,,,,,,,,,,,,,,,,,,,,
D-00066,Lapsed,Not Recurrent,Kimberly Perez,$150.00,1,Individual,3/24/2023,3/24/2023,1013,Not Recurrent,Priya Nair,,,,,,,,,,,,,,,,,,,,,
D-00067,Lapsing,Not Recurrent,Gary Scott,$250.00,1,Individual,7/11/2024,7/11/2024,538,Not Recurrent,Tom Russo,,,,,,,,,,,,,,,,,,,,,
D-00068,Active,Not Recurrent,Michelle Nelson,$200.00,1,Individual,7/24/2025,7/24/2025,160,Not Recurrent,Priya Nair,,,,,,,,,,,,,,,,,,,,,
D-00069,Active,Not Recurrent,Michelle Taylor,"$16,000.00",3,Individual,2/1/2022,12/24/2025,7,Not Recurrent,Aisha Bello,,,,,,,,,,,,,,,,,,,,,
D-00070,Never Gave,Not Recurrent,Matthew Wilson,$0.00,0,Individual,1/0/1900,1/0/1900,46022,Not Recurrent,Priya Nair,,,,,,,,,,,,,,,,,,,,,
D-00071,Active,Not Recurrent,George Lopez,$450.00,2,Individual,4/22/2024,5/31/2025,214,Not Recurrent,James Whitfield,,,,,,,,,,,,,,,,,,,,,
D-00072,Active,Not Recurrent,Thomas Green,$900.00,4,Individual,4/13/2022,10/15/2025,77,Not Recurrent,Priya Nair,,,,,,,,,,,,,,,,,,,,,
D-00073,Active,Not Recurrent,Michael Taylor,$50.00,1,Individual,2/14/2025,2/14/2025,320,Not Recurrent,Tom Russo,,,,,,,,,,,,,,,,,,,,,
D-00074,Never Gave,Not Recurrent,Joshua Garcia,$0.00,0,Individual,1/0/1900,1/0/1900,46022,Not Recurrent,Priya Nair,,,,,,,,,,,,,,,,,,,,,
D-00075,Lapsed,Not Recurrent,Jeffrey Martin,$50.00,1,Individual,8/13/2023,8/13/2023,871,Not Recurrent,Priya Nair,,,,,,,,,,,,,,,,,,,,,
D-00076,Active,Not Recurrent,Margaret Taylor,$550.00,4,Individual,4/16/2022,2/13/2025,321,Not Recurrent,Priya Nair,,,,,,,,,,,,,,,,,,,,,
D-00077,Lapsed,Not Recurrent,Jacob Jackson,$100.00,1,Individual,3/19/2023,3/19/2023,1018,Not Recurrent,Tom Russo,,,,,,,,,,,,,,,,,,,,,
D-00078,Never Gave,Not Recurrent,Nicole Nelson,$0.00,0,Individual,1/0/1900,1/0/1900,46022,Not Recurrent,James Whitfield,,,,,,,,,,,,,,,,,,,,,
D-00079,Active,Active,Bright Path Charitable Trust,$150.00,3,Organization,5/20/2025,11/20/2025,41,Quarterly,Aisha Bello,,,,,,,,,,,,,,,,,,,,,
D-00080,Active,Active,Paul Allen,"$3,600.00",47,Individual,1/1/2022,12/1/2025,30,Monthly,Priya Nair,,,,,,,,,,,,,,,,,,,,,
D-00081,Active,Not Recurrent,Northgate Manufacturing,$400.00,3,Organization,6/6/2022,1/2/2025,363,Not Recurrent,Aisha Bello,,,,,,,,,,,,,,,,,,,,,
D-00082,Active,Not Recurrent,Emily Lopez,$75.00,1,Individual,9/1/2025,9/1/2025,121,Not Recurrent,Maria Chen,,,,,,,,,,,,,,,,,,,,,
D-00083,Active,Not Recurrent,Christopher Perez,$650.00,3,Individual,11/16/2022,12/29/2025,2,Not Recurrent,Tom Russo,,,,,,,,,,,,,,,,,,,,,
D-00084,Active,Not Recurrent,Carol Davis,$150.00,1,Individual,6/21/2025,6/21/2025,193,Not Recurrent,Priya Nair,,,,,,,,,,,,,,,,,,,,,
D-00085,Active,Not Recurrent,Shirley Green,$650.00,2,Individual,4/15/2024,11/7/2025,54,Not Recurrent,Aisha Bello,,,,,,,,,,,,,,,,,,,,,
D-00086,Lapsed,Not Recurrent,Jessica Johnson,$50.00,1,Individual,11/28/2023,11/28/2023,764,Not Recurrent,Aisha Bello,,,,,,,,,,,,,,,,,,,,,
D-00087,Lapsed,Canceled,Joseph Robinson,$975.00,12,Individual,1/1/2022,1/1/2023,1095,Monthly,Tom Russo,,,,,,,,,,,,,,,,,,,,,
D-00088,Active,Active,Amy Walker,"$4,800.00",46,Individual,1/1/2022,12/1/2025,30,Monthly,Tom Russo,,,,,,,,,,,,,,,,,,,,,
D-00089,Never Gave,Not Recurrent,David Moore,$0.00,0,Individual,1/0/1900,1/0/1900,46022,Not Recurrent,Aisha Bello,,,,,,,,,,,,,,,,,,,,,
D-00090,Active,Not Recurrent,Gary Martinez,"$1,150.00",4,Individual,10/19/2022,12/15/2025,16,Not Recurrent,Aisha Bello,,,,,,,,,,,,,,,,,,,,,
D-00091,Active,Active,Matthew Hall,"$1,680.00",48,Individual,1/1/2022,12/1/2025,30,Monthly,Tom Russo,,,,,,,,,,,,,,,,,,,,,
D-00092,Lapsed,Not Recurrent,Stephanie Nelson,$200.00,2,Individual,1/22/2022,8/3/2022,1246,Not Recurrent,James Whitfield,,,,,,,,,,,,,,,,,,,,,
D-00093,Active,Not Recurrent,Jeffrey Miller,$100.00,1,Individual,11/20/2025,11/20/2025,41,Not Recurrent,James Whitfield,,,,,,,,,,,,,,,,,,,,,
D-00094,Active,Not Recurrent,Kimberly Perez,"$8,500.00",3,Individual,6/19/2022,4/10/2025,265,Not Recurrent,Aisha Bello,,,,,,,,,,,,,,,,,,,,,
D-00095,Lapsing,Not Recurrent,Gary Wright,$150.00,2,Individual,5/15/2022,5/14/2024,596,Not Recurrent,Aisha Bello,,,,,,,,,,,,,,,,,,,,,
D-00096,Lapsed,Not Recurrent,Cascade Health Partners,$50.00,1,Organization,12/24/2022,12/24/2022,1103,Not Recurrent,Maria Chen,,,,,,,,,,,,,,,,,,,,,
D-00097,Active,Active,Charles Thomas,"$2,400.00",45,Individual,1/1/2022,12/1/2025,30,Monthly,James Whitfield,,,,,,,,,,,,,,,,,,,,,
D-00098,Lapsed,Not Recurrent,Justin Martinez,$250.00,1,Individual,4/27/2022,4/27/2022,1344,Not Recurrent,Tom Russo,,,,,,,,,,,,,,,,,,,,,
D-00099,Active,Active,Andrew Baker,$900.00,9,Individual,12/15/2023,12/15/2025,16,Quarterly,Aisha Bello,,,,,,,,,,,,,,,,,,,,,
D-00100,Active,Active,Joshua Gonzalez,$480.00,45,Individual,1/1/2022,12/1/2025,30,Monthly,James Whitfield,,,,,,,,,,,,,,,,,,,,,
D-00101,Never Gave,Not Recurrent,Donna Johnson,$0.00,0,Individual,1/0/1900,1/0/1900,46022,Not Recurrent,Maria Chen,,,,,,,,,,,,,,,,,,,,,
D-00102,Active,Canceled,Sandra Hill,$400.00,15,Individual,1/1/2022,10/1/2025,91,Quarterly,Priya Nair,,,,,,,,,,,,,,,,,,,,,
D-00103,Active,Active,Jennifer Martin,$120.00,10,Individual,2/3/2023,11/3/2025,58,Quarterly,James Whitfield,,,,,,,,,,,,,,,,,,,,,
D-00104,Active,Active,Thomas Wright,$480.00,46,Individual,1/21/2022,12/21/2025,10,Monthly,James Whitfield,,,,,,,,,,,,,,,,,,,,,
D-00105,Lapsed,Not Recurrent,Joseph Robinson,$150.00,2,Individual,2/12/2022,3/21/2022,1381,Not Recurrent,Tom Russo,,,,,,,,,,,,,,,,,,,,,
D-00106,Lapsing,Not Recurrent,Redwood Insurance Group,$75.00,1,Organization,2/19/2024,2/19/2024,681,Not Recurrent,Priya Nair,,,,,,,,,,,,,,,,,,,,,
D-00107,Active,Canceled,Patricia Flores,$240.00,15,Individual,1/1/2022,10/1/2025,91,Quarterly,Maria Chen,,,,,,,,,,,,,,,,,,,,,
D-00108,Active,Not Recurrent,Whitfield Family Foundation,$450.00,3,Organization,11/5/2022,12/21/2025,10,Not Recurrent,Maria Chen,,,,,,,,,,,,,,,,,,,,,
D-00109,Active,Canceled,Anna Clark,$240.00,16,Individual,1/1/2022,10/1/2025,91,Quarterly,Tom Russo,,,,,,,,,,,,,,,,,,,,,
D-00110,Active,Not Recurrent,Emily Williams,"$1,000.00",3,Individual,9/2/2023,7/12/2025,172,Not Recurrent,James Whitfield,,,,,,,,,,,,,,,,,,,,,
D-00111,Active,Active,Melissa Brown,"$3,600.00",46,Individual,1/1/2022,12/1/2025,30,Monthly,Tom Russo,,,,,,,,,,,,,,,,,,,,,
D-00112,Active,Active,Robert Brown,$720.00,47,Individual,1/1/2022,12/1/2025,30,Monthly,Priya Nair,,,,,,,,,,,,,,,,,,,,,
D-00113,Active,Not Recurrent,Sandra Perez,$150.00,1,Individual,4/3/2025,4/3/2025,272,Not Recurrent,Maria Chen,,,,,,,,,,,,,,,,,,,,,
D-00114,Lapsed,Not Recurrent,Joseph Nelson,$75.00,1,Individual,9/20/2023,9/20/2023,833,Not Recurrent,James Whitfield,,,,,,,,,,,,,,,,,,,,,
D-00115,Active,Not Recurrent,Lakeside Rotary Club,$650.00,2,Organization,10/1/2024,11/30/2025,31,Not Recurrent,Tom Russo,,,,,,,,,,,,,,,,,,,,,
D-00116,Active,Active,Brandon Williams,$480.00,46,Individual,1/1/2022,12/1/2025,30,Monthly,Maria Chen,,,,,,,,,,,,,,,,,,,,,
D-00117,Active,Active,Jeffrey Jones,"$1,200.00",47,Individual,1/1/2022,12/1/2025,30,Monthly,Maria Chen,,,,,,,,,,,,,,,,,,,,,
D-00118,Never Gave,Not Recurrent,Scott King,$0.00,0,Individual,1/0/1900,1/0/1900,46022,Not Recurrent,Maria Chen,,,,,,,,,,,,,,,,,,,,,
D-00119,Lapsed,Not Recurrent,Timothy Perez,$100.00,1,Individual,12/16/2023,12/16/2023,746,Not Recurrent,Aisha Bello,,,,,,,,,,,,,,,,,,,,,
D-00120,Lapsed,Not Recurrent,Jacob Jones,$50.00,1,Individual,2/26/2022,2/26/2022,1404,Not Recurrent,Tom Russo,,,,,,,,,,,,,,,,,,,,,
D-00121,Lapsed,Not Recurrent,Nicole Scott,$50.00,1,Individual,12/17/2023,12/17/2023,745,Not Recurrent,Tom Russo,,,,,,,,,,,,,,,,,,,,,
D-00122,Active,Not Recurrent,Andrew Hill,$100.00,1,Individual,11/24/2025,11/24/2025,37,Not Recurrent,Priya Nair,,,,,,,,,,,,,,,,,,,,,
D-00123,Active,Active,Redwood Insurance Group,$135.00,8,Organization,10/24/2023,10/24/2025,68,Quarterly,Priya Nair,,,,,,,,,,,,,,,,,,,,,
D-00124,Lapsed,Not Recurrent,Paul Johnson,$50.00,1,Individual,11/12/2022,11/12/2022,1145,Not Recurrent,Aisha Bello,,,,,,,,,,,,,,,,,,,,,
D-00125,Active,Not Recurrent,Rebecca Jones,$675.00,4,Individual,9/3/2022,5/10/2025,235,Not Recurrent,Maria Chen,,,,,,,,,,,,,,,,,,,,,
D-00126,Active,Not Recurrent,Christopher White,$50.00,1,Individual,5/16/2025,5/16/2025,229,Not Recurrent,Priya Nair,,,,,,,,,,,,,,,,,,,,,
D-00127,Active,Not Recurrent,William Moore,$150.00,1,Individual,6/17/2025,6/17/2025,197,Not Recurrent,Priya Nair,,,,,,,,,,,,,,,,,,,,,
D-00128,Active,Not Recurrent,Brian Ramirez,$150.00,1,Individual,11/4/2025,11/4/2025,57,Not Recurrent,Tom Russo,,,,,,,,,,,,,,,,,,,,,
D-00129,Lapsing,Not Recurrent,Scott Brown,$400.00,2,Individual,3/3/2023,2/20/2024,680,Not Recurrent,James Whitfield,,,,,,,,,,,,,,,,,,,,,
D-00130,Lapsing,Not Recurrent,Lakeside Rotary Club,$25.00,1,Organization,12/28/2024,12/28/2024,368,Not Recurrent,Priya Nair,,,,,,,,,,,,,,,,,,,,,
D-00131,Active,Active,Jennifer Ramirez,"$2,400.00",45,Individual,1/1/2022,12/1/2025,30,Monthly,Aisha Bello,,,,,,,,,,,,,,,,,,,,,
D-00132,Active,Not Recurrent,Joseph Sanchez,$25.00,1,Individual,8/14/2025,8/14/2025,139,Not Recurrent,Priya Nair,,,,,,,,,,,,,,,,,,,,,
D-00133,Lapsed,Not Recurrent,Ashley Ramirez,$100.00,1,Individual,1/25/2022,1/25/2022,1436,Not Recurrent,Tom Russo,,,,,,,,,,,,,,,,,,,,,
D-00134,Lapsed,Not Recurrent,Elizabeth Allen,$50.00,1,Individual,1/28/2022,1/28/2022,1433,Not Recurrent,Aisha Bello,,,,,,,,,,,,,,,,,,,,,
D-00135,Active,Active,Betty Lopez,$480.00,47,Individual,1/1/2022,12/1/2025,30,Monthly,James Whitfield,,,,,,,,,,,,,,,,,,,,,
D-00136,Lapsing,Not Recurrent,Cynthia Baker,$225.00,2,Individual,10/10/2023,12/22/2024,374,Not Recurrent,Aisha Bello,,,,,,,,,,,,,,,,,,,,,
D-00137,Active,Not Recurrent,Emily Nguyen,$250.00,1,Individual,12/7/2025,12/7/2025,24,Not Recurrent,Aisha Bello,,,,,,,,,,,,,,,,,,,,,
D-00138,Active,Not Recurrent,Elizabeth Adams,$375.00,2,Individual,3/13/2024,4/4/2025,271,Not Recurrent,Tom Russo,,,,,,,,,,,,,,,,,,,,,
D-00139,Active,Not Recurrent,Matthew Lee,"$40,000.00",4,Individual,7/30/2022,10/11/2025,81,Not Recurrent,Maria Chen,,,,,,,,,,,,,,,,,,,,,
D-00140,Lapsing,Not Recurrent,Cascade Health Partners,$275.00,2,Organization,2/17/2023,4/4/2024,636,Not Recurrent,Priya Nair,,,,,,,,,,,,,,,,,,,,,
D-00141,Active,Not Recurrent,Stephanie Clark,$275.00,4,Individual,11/28/2022,10/19/2025,73,Not Recurrent,Aisha Bello,,,,,,,,,,,,,,,,,,,,,
D-00142,Lapsed,Not Recurrent,Steven Campbell,$150.00,1,Individual,6/8/2022,6/8/2022,1302,Not Recurrent,Maria Chen,,,,,,,,,,,,,,,,,,,,,
D-00143,Lapsed,Not Recurrent,Ronald Rodriguez,$150.00,2,Individual,7/2/2022,9/15/2022,1203,Not Recurrent,Aisha Bello,,,,,,,,,,,,,,,,,,,,,
D-00144,Active,Not Recurrent,Helen Garcia,$550.00,2,Individual,3/19/2022,12/1/2025,30,Not Recurrent,Aisha Bello,,,,,,,,,,,,,,,,,,,,,
D-00145,Lapsed,Not Recurrent,Matthew Anderson,$400.00,2,Individual,8/9/2023,8/18/2023,866,Not Recurrent,Maria Chen,,,,,,,,,,,,,,,,,,,,,
D-00146,Active,Not Recurrent,John Nelson,$25.00,1,Individual,6/4/2025,6/4/2025,210,Not Recurrent,Priya Nair,,,,,,,,,,,,,,,,,,,,,
D-00147,Active,Active,Samantha Hernandez,$180.00,11,Individual,2/1/2023,11/1/2025,60,Quarterly,James Whitfield,,,,,,,,,,,,,,,,,,,,,
D-00148,Active,Not Recurrent,Sandra Wright,$200.00,2,Individual,7/30/2024,5/6/2025,239,Not Recurrent,James Whitfield,,,,,,,,,,,,,,,,,,,,,
D-00149,Lapsed,Not Recurrent,Edward Allen,$25.00,1,Individual,11/21/2022,11/21/2022,1136,Not Recurrent,James Whitfield,,,,,,,,,,,,,,,,,,,,,
D-00150,Active,Not Recurrent,Deborah Scott,$75.00,1,Individual,6/7/2025,6/7/2025,207,Not Recurrent,Maria Chen,,,,,,,,,,,,,,,,,,,,,
D-00151,Active,Not Recurrent,Charles Ramirez,$25.00,1,Individual,12/31/2024,12/31/2024,365,Not Recurrent,Tom Russo,,,,,,,,,,,,,,,,,,,,,
D-00152,Lapsed,Not Recurrent,Donald Harris,$350.00,2,Individual,6/25/2022,8/10/2022,1239,Not Recurrent,Aisha Bello,,,,,,,,,,,,,,,,,,,,,
D-00153,Active,Not Recurrent,Andrew Walker,$150.00,1,Individual,7/14/2025,7/14/2025,170,Not Recurrent,Tom Russo,,,,,,,,,,,,,,,,,,,,,
D-00154,Active,Not Recurrent,Karen Scott,$75.00,1,Individual,8/4/2025,8/4/2025,149,Not Recurrent,Aisha Bello,,,,,,,,,,,,,,,,,,,,,
D-00155,Active,Active,Samantha Robinson,$60.00,6,Individual,8/9/2024,11/9/2025,52,Quarterly,Priya Nair,,,,,,,,,,,,,,,,,,,,,
D-00156,Active,Not Recurrent,Donna Ramirez,$650.00,4,Individual,1/28/2022,12/8/2025,23,Not Recurrent,Priya Nair,,,,,,,,,,,,,,,,,,,,,
D-00157,Active,Not Recurrent,Helen Wright,$50.00,1,Individual,12/13/2025,12/13/2025,18,Not Recurrent,Priya Nair,,,,,,,,,,,,,,,,,,,,,
D-00158,Lapsed,Not Recurrent,Deborah Taylor,$300.00,2,Individual,5/15/2023,11/24/2023,768,Not Recurrent,Aisha Bello,,,,,,,,,,,,,,,,,,,,,
D-00159,Active,Active,Kevin Rodriguez,$260.00,13,Individual,10/18/2022,10/18/2025,74,Quarterly,James Whitfield,,,,,,,,,,,,,,,,,,,,,
D-00160,Lapsed,Not Recurrent,David Rivera,$300.00,2,Individual,2/15/2023,11/21/2023,771,Not Recurrent,Maria Chen,,,,,,,,,,,,,,,,,,,,,
D-00161,Lapsed,Not Recurrent,Anna Walker,$50.00,1,Individual,11/21/2023,11/21/2023,771,Not Recurrent,Aisha Bello,,,,,,,,,,,,,,,,,,,,,
D-00162,Active,Active,Jessica White,"$2,500.00",22,Individual,12/7/2023,12/7/2025,24,Monthly,Tom Russo,,,,,,,,,,,,,,,,,,,,,
D-00163,Lapsed,Not Recurrent,Eric Moore,$25.00,1,Individual,6/11/2022,6/11/2022,1299,Not Recurrent,Tom Russo,,,,,,,,,,,,,,,,,,,,,
D-00164,Active,Not Recurrent,The Alden Foundation,$600.00,2,Organization,10/2/2023,3/15/2025,291,Not Recurrent,James Whitfield,,,,,,,,,,,,,,,,,,,,,
D-00165,Active,Not Recurrent,Melissa Flores,"$1,200.00",3,Individual,4/3/2022,10/18/2025,74,Not Recurrent,Maria Chen,,,,,,,,,,,,,,,,,,,,,
D-00166,Lapsed,Not Recurrent,Christopher Johnson,$50.00,1,Individual,3/23/2023,3/23/2023,1014,Not Recurrent,Maria Chen,,,,,,,,,,,,,,,,,,,,,
D-00167,Active,Active,Stephanie Torres,$480.00,24,Individual,1/17/2024,12/17/2025,14,Monthly,Aisha Bello,,,,,,,,,,,,,,,,,,,,,
D-00168,Lapsing,Not Recurrent,Ronald Lee,$250.00,2,Individual,6/10/2023,6/13/2024,566,Not Recurrent,Maria Chen,,,,,,,,,,,,,,,,,,,,,
D-00169,Lapsing,Not Recurrent,Jessica Taylor,$25.00,1,Individual,12/15/2024,12/15/2024,381,Not Recurrent,Priya Nair,,,,,,,,,,,,,,,,,,,,,
D-00170,Active,Active,Elizabeth Lewis,"$1,875.00",22,Individual,12/28/2023,12/28/2025,3,Monthly,Maria Chen,,,,,,,,,,,,,,,,,,,,,
D-00171,Lapsing,Not Recurrent,Donna Martin,"$12,500.00",2,Individual,12/19/2022,6/17/2024,562,Not Recurrent,Aisha Bello,,,,,,,,,,,,,,,,,,,,,
D-00172,Active,Active,Donald Young,$45.00,3,Individual,6/2/2025,12/2/2025,29,Quarterly,Aisha Bello,,,,,,,,,,,,,,,,,,,,,
D-00173,Active,Active,Harborview Financial Group,"$1,000.00",10,Organization,8/5/2023,11/5/2025,56,Quarterly,Priya Nair,,,,,,,,,,,,,,,,,,,,,
D-00174,Active,Not Recurrent,Eric Thompson,$75.00,1,Individual,2/24/2025,2/24/2025,310,Not Recurrent,Priya Nair,,,,,,,,,,,,,,,,,,,,,
D-00175,Active,Not Recurrent,Linda Davis,$650.00,2,Individual,12/18/2022,5/4/2025,241,Not Recurrent,James Whitfield,,,,,,,,,,,,,,,,,,,,,
D-00176,Active,Active,Andrew Garcia,$200.00,4,Individual,3/6/2025,12/6/2025,25,Quarterly,Aisha Bello,,,,,,,,,,,,,,,,,,,,,
D-00177,Lapsing,Not Recurrent,Cascade Health Partners,$50.00,1,Organization,12/5/2024,12/5/2024,391,Not Recurrent,Priya Nair,,,,,,,,,,,,,,,,,,,,,
D-00178,Never Gave,Not Recurrent,Pamela Taylor,$0.00,0,Individual,1/0/1900,1/0/1900,46022,Not Recurrent,Priya Nair,,,,,,,,,,,,,,,,,,,,,
D-00179,Active,Not Recurrent,Joshua Walker,$150.00,1,Individual,3/21/2025,3/21/2025,285,Not Recurrent,Aisha Bello,,,,,,,,,,,,,,,,,,,,,
D-00180,Lapsing,Not Recurrent,Kathleen Wilson,$250.00,1,Individual,12/7/2024,12/7/2024,389,Not Recurrent,Aisha Bello,,,,,,,,,,,,,,,,,,,,,
D-00181,Lapsed,Not Recurrent,Brenda Miller,$25.00,1,Individual,8/16/2022,8/16/2022,1233,Not Recurrent,Aisha Bello,,,,,,,,,,,,,,,,,,,,,
D-00182,Lapsed,Not Recurrent,Stephanie Flores,$150.00,1,Individual,5/4/2023,5/4/2023,972,Not Recurrent,Aisha Bello,,,,,,,,,,,,,,,,,,,,,
D-00183,Active,Not Recurrent,Angela Robinson,$450.00,1,Individual,4/22/2024,11/2/2025,59,Not Recurrent,Maria Chen,,,,,,,,,,,,,,,,,,,,,
D-00184,Active,Not Recurrent,Justin Thompson,$250.00,1,Individual,11/20/2025,11/20/2025,41,Not Recurrent,Priya Nair,,,,,,,,,,,,,,,,,,,,,
D-00185,Active,Active,Cedar Ridge Corporation,$600.00,30,Organization,7/10/2023,12/10/2025,21,Monthly,Aisha Bello,,,,,,,,,,,,,,,,,,,,,
D-00186,Active,Not Recurrent,Stephen Jackson,$150.00,1,Individual,4/6/2025,4/6/2025,269,Not Recurrent,Priya Nair,,,,,,,,,,,,,,,,,,,,,
D-00187,Lapsing,Not Recurrent,The Alden Foundation,$350.00,2,Organization,3/18/2023,5/30/2024,580,Not Recurrent,James Whitfield,,,,,,,,,,,,,,,,,,,,,
D-00188,Lapsing,Not Recurrent,Whitfield Family Foundation,$75.00,1,Organization,11/24/2024,11/24/2024,402,Not Recurrent,Tom Russo,,,,,,,,,,,,,,,,,,,,,
D-00189,Active,Not Recurrent,Kenneth Hernandez,$425.00,3,Individual,5/26/2022,3/30/2025,276,Not Recurrent,Priya Nair,,,,,,,,,,,,,,,,,,,,,
D-00190,Active,Canceled,Joshua Walker,"$1,435.00",39,Individual,1/1/2022,5/1/2025,244,Monthly,Tom Russo,,,,,,,,,,,,,,,,,,,,,
D-00191,Active,Not Recurrent,Justin Torres,$250.00,1,Individual,8/30/2025,8/30/2025,123,Not Recurrent,Tom Russo,,,,,,,,,,,,,,,,,,,,,
D-00192,Active,Active,John Torres,$315.00,8,Individual,12/12/2023,12/12/2025,19,Quarterly,Aisha Bello,,,,,,,,,,,,,,,,,,,,,
D-00193,Lapsing,Not Recurrent,Brandon Walker,$200.00,1,Individual,3/22/2024,3/22/2024,649,Not Recurrent,James Whitfield,,,,,,,,,,,,,,,,,,,,,
D-00194,Active,Not Recurrent,Daniel Robinson,"$32,500.00",4,Individual,9/20/2022,8/30/2025,123,Not Recurrent,Aisha Bello,,,,,,,,,,,,,,,,,,,,,
D-00195,Active,Not Recurrent,Joshua Anderson,$200.00,2,Individual,7/26/2022,7/16/2025,168,Not Recurrent,Tom Russo,,,,,,,,,,,,,,,,,,,,,
D-00196,Active,Not Recurrent,Emily Jackson,$75.00,1,Individual,3/11/2025,3/11/2025,295,Not Recurrent,Tom Russo,,,,,,,,,,,,,,,,,,,,,
D-00197,Never Gave,Not Recurrent,William Thompson,$0.00,0,Individual,1/0/1900,1/0/1900,46022,Not Recurrent,James Whitfield,,,,,,,,,,,,,,,,,,,,,
D-00198,Lapsed,Not Recurrent,Sarah Miller,$25.00,1,Individual,12/23/2022,12/23/2022,1104,Not Recurrent,James Whitfield,,,,,,,,,,,,,,,,,,,,,
D-00199,Lapsing,Not Recurrent,Richard Clark,$650.00,2,Individual,5/27/2022,10/17/2024,440,Not Recurrent,James Whitfield,,,,,,,,,,,,,,,,,,,,,
D-00200,Lapsed,Not Recurrent,Jacob Walker,$300.00,2,Individual,4/8/2023,11/13/2023,779,Not Recurrent,Aisha Bello,,,,,,,,,,,,,,,,,,,,,
D-00201,Lapsed,Not Recurrent,Fairview Family Fund,$100.00,1,Organization,10/19/2022,10/19/2022,1169,Not Recurrent,Tom Russo,,,,,,,,,,,,,,,,,,,,,
D-00202,Active,Not Recurrent,Donna Williams,$550.00,2,Individual,10/4/2022,7/3/2025,181,Not Recurrent,Aisha Bello,,,,,,,,,,,,,,,,,,,,,
D-00203,Active,Active,Sarah Allen,"$1,680.00",44,Individual,1/1/2022,12/1/2025,30,Monthly,Aisha Bello,,,,,,,,,,,,,,,,,,,,,
D-00204,Never Gave,Not Recurrent,Mary Mitchell,$0.00,0,Individual,1/0/1900,1/0/1900,46022,Not Recurrent,James Whitfield,,,,,,,,,,,,,,,,,,,,,
D-00205,Lapsing,Not Recurrent,Barbara Sanchez,$75.00,1,Individual,10/18/2024,10/18/2024,439,Not Recurrent,Tom Russo,,,,,,,,,,,,,,,,,,,,,
D-00206,Active,Failed,Paul Perez,$105.00,6,Individual,6/4/2025,12/4/2025,27,Monthly,Maria Chen,,,,,,,,,,,,,,,,,,,,,
D-00207,Lapsing,Not Recurrent,Cedar Ridge Corporation,$150.00,1,Organization,6/23/2024,6/23/2024,556,Not Recurrent,Aisha Bello,,,,,,,,,,,,,,,,,,,,,
D-00208,Active,Active,Sarah Walker,"$3,400.00",33,Individual,3/11/2023,12/11/2025,20,Monthly,Tom Russo,,,,,,,,,,,,,,,,,,,,,
D-00209,Active,Active,Margaret Carter,$200.00,3,Individual,9/6/2025,12/6/2025,25,Monthly,Maria Chen,,,,,,,,,,,,,,,,,,,,,
D-00210,Active,Not Recurrent,Fairview Family Fund,$425.00,3,Organization,9/18/2022,8/3/2025,150,Not Recurrent,Priya Nair,,,,,,,,,,,,,,,,,,,,,
D-00211,Active,Not Recurrent,Joseph Baker,$225.00,2,Individual,10/21/2024,3/1/2025,305,Not Recurrent,Maria Chen,,,,,,,,,,,,,,,,,,,,,
D-00212,Active,Active,Ryan Torres,$645.00,42,Individual,6/16/2022,12/16/2025,15,Monthly,Maria Chen,,,,,,,,,,,,,,,,,,,,,
D-00213,Active,Not Recurrent,Jennifer Ramirez,$75.00,1,Individual,5/19/2025,5/19/2025,226,Not Recurrent,Maria Chen,,,,,,,,,,,,,,,,,,,,,
D-00214,Lapsing,Canceled,Sarah Roberts,$665.00,17,Individual,4/16/2023,10/16/2024,441,Monthly,Tom Russo,,,,,,,,,,,,,,,,,,,,,
D-00215,Never Gave,Not Recurrent,Anna Rodriguez,$0.00,0,Individual,1/0/1900,1/0/1900,46022,Not Recurrent,Tom Russo,,,,,,,,,,,,,,,,,,,,,
D-00216,Lapsed,Not Recurrent,Joshua Robinson,$50.00,1,Individual,5/9/2023,5/9/2023,967,Not Recurrent,James Whitfield,,,,,,,,,,,,,,,,,,,,,
D-00217,Lapsed,Canceled,Joseph Williams,$375.00,14,Individual,1/1/2022,3/1/2023,1036,Monthly,James Whitfield,,,,,,,,,,,,,,,,,,,,,
D-00218,Lapsed,Not Recurrent,Michael Thomas,$100.00,1,Individual,8/12/2023,8/12/2023,872,Not Recurrent,Priya Nair,,,,,,,,,,,,,,,,,,,,,
D-00219,Active,Not Recurrent,Sandra Campbell,"$5,000.00",1,Individual,4/1/2025,4/1/2025,274,Not Recurrent,Aisha Bello,,,,,,,,,,,,,,,,,,,,,
D-00220,Active,Not Recurrent,Timothy Martin,$200.00,1,Individual,9/5/2025,9/5/2025,117,Not Recurrent,James Whitfield,,,,,,,,,,,,,,,,,,,,,
D-00221,Active,Not Recurrent,The Alden Foundation,$525.00,3,Organization,6/15/2022,8/18/2025,135,Not Recurrent,Tom Russo,,,,,,,,,,,,,,,,,,,,,
D-00222,Active,Not Recurrent,Jacob Thomas,"$22,500.00",3,Individual,2/26/2022,9/23/2025,99,Not Recurrent,Tom Russo,,,,,,,,,,,,,,,,,,,,,
D-00223,Active,Not Recurrent,Sarah Harris,$150.00,2,Individual,3/23/2024,1/11/2025,354,Not Recurrent,Maria Chen,,,,,,,,,,,,,,,,,,,,,
D-00224,Active,Not Recurrent,Michael Moore,$600.00,3,Individual,12/19/2022,8/1/2025,152,Not Recurrent,Maria Chen,,,,,,,,,,,,,,,,,,,,,
D-00225,Lapsed,Not Recurrent,Kevin Martin,$100.00,1,Individual,10/29/2022,10/29/2022,1159,Not Recurrent,Maria Chen,,,,,,,,,,,,,,,,,,,,,
D-00226,Lapsing,Not Recurrent,Anthony Sanchez,$550.00,3,Individual,2/21/2022,9/11/2024,476,Not Recurrent,Tom Russo,,,,,,,,,,,,,,,,,,,,,
D-00227,Active,Not Recurrent,Shirley Robinson,$350.00,2,Individual,8/16/2024,2/12/2025,322,Not Recurrent,Aisha Bello,,,,,,,,,,,,,,,,,,,,,
D-00228,Active,Not Recurrent,Mark Mitchell,$100.00,1,Individual,4/27/2025,4/27/2025,248,Not Recurrent,Priya Nair,,,,,,,,,,,,,,,,,,,,,
D-00229,Lapsing,Not Recurrent,Sandra Harris,$75.00,1,Individual,10/6/2024,10/6/2024,451,Not Recurrent,Priya Nair,,,,,,,,,,,,,,,,,,,,,
D-00230,Lapsed,Not Recurrent,Gary Robinson,$600.00,1,Individual,11/3/2022,6/10/2023,935,Not Recurrent,James Whitfield,,,,,,,,,,,,,,,,,,,,,
D-00231,Lapsed,Not Recurrent,Anna Adams,$100.00,1,Individual,6/16/2022,6/16/2022,1294,Not Recurrent,Maria Chen,,,,,,,,,,,,,,,,,,,,,
D-00232,Active,Active,David Rivera,$320.00,16,Individual,9/2/2024,12/2/2025,29,Monthly,Tom Russo,,,,,,,,,,,,,,,,,,,,,
D-00233,Lapsed,Not Recurrent,Redwood Insurance Group,$200.00,2,Organization,1/3/2022,8/2/2022,1247,Not Recurrent,Priya Nair,,,,,,,,,,,,,,,,,,,,,
D-00234,Lapsed,Not Recurrent,Daniel Miller,$200.00,2,Individual,3/22/2023,6/19/2023,926,Not Recurrent,James Whitfield,,,,,,,,,,,,,,,,,,,,,
D-00235,Active,Not Recurrent,Ronald Garcia,$50.00,1,Individual,11/28/2025,11/28/2025,33,Not Recurrent,Priya Nair,,,,,,,,,,,,,,,,,,,,,
D-00236,Active,Active,William Adams,$385.00,11,Individual,4/3/2023,10/3/2025,89,Quarterly,Tom Russo,,,,,,,,,,,,,,,,,,,,,
D-00237,Lapsed,Not Recurrent,William Young,$100.00,1,Individual,7/8/2023,7/8/2023,907,Not Recurrent,Priya Nair,,,,,,,,,,,,,,,,,,,,,
D-00238,Lapsed,Not Recurrent,Larry Walker,$150.00,1,Individual,4/17/2022,4/17/2022,1354,Not Recurrent,Aisha Bello,,,,,,,,,,,,,,,,,,,,,
D-00239,Active,Not Recurrent,Robert Wilson,$700.00,3,Individual,7/21/2023,8/12/2025,141,Not Recurrent,Maria Chen,,,,,,,,,,,,,,,,,,,,,
D-00240,Active,Not Recurrent,Anna Perez,$250.00,1,Individual,2/16/2025,2/16/2025,318,Not Recurrent,Maria Chen,,,,,,,,,,,,,,,,,,,,,
D-00241,Never Gave,Not Recurrent,Elizabeth Perez,$0.00,0,Individual,1/0/1900,1/0/1900,46022,Not Recurrent,Tom Russo,,,,,,,,,,,,,,,,,,,,,
D-00242,Active,Not Recurrent,Sandra Thompson,$250.00,1,Individual,2/23/2025,2/23/2025,311,Not Recurrent,James Whitfield,,,,,,,,,,,,,,,,,,,,,
D-00243,Active,Active,Ashley Rivera,"$3,600.00",45,Individual,1/1/2022,12/1/2025,30,Monthly,Tom Russo,,,,,,,,,,,,,,,,,,,,,
D-00244,Lapsing,Not Recurrent,Susan Garcia,$250.00,1,Individual,10/24/2024,10/24/2024,433,Not Recurrent,Aisha Bello,,,,,,,,,,,,,,,,,,,,,
D-00245,Active,Canceled,Cynthia Scott,$800.00,16,Individual,1/1/2022,10/1/2025,91,Quarterly,Maria Chen,,,,,,,,,,,,,,,,,,,,,
D-00246,Lapsed,Not Recurrent,Stephanie Smith,$100.00,1,Individual,1/17/2022,1/17/2022,1444,Not Recurrent,Priya Nair,,,,,,,,,,,,,,,,,,,,,
D-00247,Active,Not Recurrent,Sarah Moore,$850.00,3,Individual,10/7/2022,5/18/2025,227,Not Recurrent,Maria Chen,,,,,,,,,,,,,,,,,,,,,
D-00248,Active,Not Recurrent,Elizabeth White,$250.00,1,Individual,5/26/2025,5/26/2025,219,Not Recurrent,Priya Nair,,,,,,,,,,,,,,,,,,,,,
D-00249,Active,Not Recurrent,Ronald Perez,$550.00,3,Individual,3/14/2023,5/6/2025,239,Not Recurrent,Tom Russo,,,,,,,,,,,,,,,,,,,,,
D-00250,Active,Not Recurrent,Betty Walker,"$22,500.00",3,Individual,2/21/2023,7/18/2025,166,Not Recurrent,Aisha Bello,,,,,,,,,,,,,,,,,,,,,
D-00251,Active,Active,Carol Harris,"$1,120.00",30,Individual,5/28/2023,12/28/2025,3,Monthly,Aisha Bello,,,,,,,,,,,,,,,,,,,,,
D-00252,Lapsed,Not Recurrent,Stephen Johnson,$150.00,1,Individual,11/3/2022,11/3/2022,1154,Not Recurrent,Tom Russo,,,,,,,,,,,,,,,,,,,,,
D-00253,Active,Active,Timothy Baker,$440.00,42,Individual,5/25/2022,12/25/2025,6,Monthly,James Whitfield,,,,,,,,,,,,,,,,,,,,,
D-00254,Active,Not Recurrent,Elizabeth Lewis,$450.00,2,Individual,6/10/2024,6/30/2025,184,Not Recurrent,Priya Nair,,,,,,,,,,,,,,,,,,,,,
D-00255,Active,Not Recurrent,George Hall,$50.00,1,Individual,2/13/2025,2/13/2025,321,Not Recurrent,Maria Chen,,,,,,,,,,,,,,,,,,,,,
D-00256,Lapsing,Not Recurrent,Larry Adams,$25.00,1,Individual,11/3/2024,11/3/2024,423,Not Recurrent,Tom Russo,,,,,,,,,,,,,,,,,,,,,
D-00257,Lapsed,Not Recurrent,Eric Scott,$100.00,1,Individual,10/20/2022,10/20/2022,1168,Not Recurrent,Tom Russo,,,,,,,,,,,,,,,,,,,,,
D-00258,Active,Not Recurrent,Nicholas Martinez,$75.00,1,Individual,12/15/2025,12/15/2025,16,Not Recurrent,Maria Chen,,,,,,,,,,,,,,,,,,,,,
D-00259,Active,Not Recurrent,Charles Thompson,$75.00,1,Individual,5/12/2025,5/12/2025,233,Not Recurrent,Priya Nair,,,,,,,,,,,,,,,,,,,,,
D-00260,Lapsing,Canceled,Cynthia Lee,"$2,325.00",29,Individual,1/1/2022,7/1/2024,548,Monthly,Maria Chen,,,,,,,,,,,,,,,,,,,,,
D-00261,Lapsed,Not Recurrent,Ashley King,$250.00,1,Individual,11/7/2023,11/7/2023,785,Not Recurrent,Priya Nair,,,,,,,,,,,,,,,,,,,,,
D-00262,Lapsed,Not Recurrent,Lisa Green,$250.00,1,Individual,8/23/2023,8/23/2023,861,Not Recurrent,Tom Russo,,,,,,,,,,,,,,,,,,,,,
D-00263,Active,Not Recurrent,Emily Carter,$75.00,1,Individual,3/5/2025,3/5/2025,301,Not Recurrent,James Whitfield,,,,,,,,,,,,,,,,,,,,,
D-00264,Lapsed,Not Recurrent,Gary King,$150.00,1,Individual,7/7/2023,7/7/2023,908,Not Recurrent,Priya Nair,,,,,,,,,,,,,,,,,,,,,
D-00265,Lapsed,Not Recurrent,Joshua Flores,$25.00,1,Individual,3/7/2023,3/7/2023,1030,Not Recurrent,Aisha Bello,,,,,,,,,,,,,,,,,,,,,
D-00266,Active,Not Recurrent,Charles Allen,$200.00,2,Individual,5/5/2024,5/13/2025,232,Not Recurrent,Priya Nair,,,,,,,,,,,,,,,,,,,,,
D-00267,Lapsed,Not Recurrent,Daniel Scott,$150.00,1,Individual,4/24/2022,4/24/2022,1347,Not Recurrent,James Whitfield,,,,,,,,,,,,,,,,,,,,,
D-00268,Active,Active,Gary Rodriguez,$315.00,8,Individual,4/19/2025,12/19/2025,12,Monthly,Priya Nair,,,,,,,,,,,,,,,,,,,,,
D-00269,Lapsing,Not Recurrent,Jeffrey Young,$150.00,1,Individual,10/23/2024,10/23/2024,434,Not Recurrent,James Whitfield,,,,,,,,,,,,,,,,,,,,,
D-00270,Lapsed,Not Recurrent,Ryan Torres,$100.00,1,Individual,9/26/2022,9/26/2022,1192,Not Recurrent,Priya Nair,,,,,,,,,,,,,,,,,,,,,
D-00271,Active,Not Recurrent,Jennifer Carter,$75.00,1,Individual,8/22/2025,8/22/2025,131,Not Recurrent,Maria Chen,,,,,,,,,,,,,,,,,,,,,
D-00272,Lapsed,Not Recurrent,Cynthia Taylor,$75.00,1,Individual,4/5/2023,4/5/2023,1001,Not Recurrent,Tom Russo,,,,,,,,,,,,,,,,,,,,,
D-00273,Lapsed,Not Recurrent,Brian Rivera,$250.00,1,Individual,7/2/2023,7/2/2023,913,Not Recurrent,Priya Nair,,,,,,,,,,,,,,,,,,,,,
D-00274,Active,Not Recurrent,Jonathan Moore,"$36,000.00",4,Individual,9/26/2022,5/6/2025,239,Not Recurrent,Aisha Bello,,,,,,,,,,,,,,,,,,,,,
D-00275,Active,Not Recurrent,Richard Rodriguez,$50.00,1,Individual,10/3/2025,10/3/2025,89,Not Recurrent,James Whitfield,,,,,,,,,,,,,,,,,,,,,
D-00276,Active,Not Recurrent,Ashley Carter,$300.00,1,Individual,2/16/2025,2/16/2025,318,Not Recurrent,Aisha Bello,,,,,,,,,,,,,,,,,,,,,
D-00277,Lapsed,Not Recurrent,Barbara Sanchez,$350.00,2,Individual,2/1/2023,10/25/2023,798,Not Recurrent,Tom Russo,,,,,,,,,,,,,,,,,,,,,
D-00278,Active,Not Recurrent,Barbara Campbell,"$22,500.00",3,Individual,6/13/2023,10/19/2025,73,Not Recurrent,Maria Chen,,,,,,,,,,,,,,,,,,,,,
D-00279,Lapsed,Not Recurrent,Shirley Moore,$500.00,2,Individual,7/28/2023,11/26/2023,766,Not Recurrent,Priya Nair,,,,,,,,,,,,,,,,,,,,,
D-00280,Active,Not Recurrent,Michael Williams,$250.00,1,Individual,9/29/2024,2/27/2025,307,Not Recurrent,Maria Chen,,,,,,,,,,,,,,,,,,,,,
D-00281,Lapsed,Not Recurrent,Jason Gonzalez,$25.00,1,Individual,4/20/2023,4/20/2023,986,Not Recurrent,James Whitfield,,,,,,,,,,,,,,,,,,,,,
D-00282,Lapsed,Not Recurrent,Nancy Brown,$75.00,1,Individual,7/13/2022,7/13/2022,1267,Not Recurrent,Tom Russo,,,,,,,,,,,,,,,,,,,,,
D-00283,Never Gave,Not Recurrent,Thomas Nguyen,$0.00,0,Individual,1/0/1900,1/0/1900,46022,Not Recurrent,Maria Chen,,,,,,,,,,,,,,,,,,,,,
D-00284,Lapsed,Not Recurrent,Jason Hall,$75.00,1,Individual,4/20/2023,4/20/2023,986,Not Recurrent,Tom Russo,,,,,,,,,,,,,,,,,,,,,
D-00285,Active,Canceled,Joshua Rodriguez,$240.00,16,Individual,1/1/2022,10/1/2025,91,Quarterly,James Whitfield,,,,,,,,,,,,,,,,,,,,,
D-00286,Lapsed,Not Recurrent,Brian Campbell,$150.00,1,Individual,4/17/2022,4/17/2022,1354,Not Recurrent,Tom Russo,,,,,,,,,,,,,,,,,,,,,
D-00287,Lapsing,Not Recurrent,Cedar Ridge Corporation,$75.00,1,Organization,7/2/2024,7/2/2024,547,Not Recurrent,Aisha Bello,,,,,,,,,,,,,,,,,,,,,
D-00288,Lapsed,Not Recurrent,Ashley Scott,$50.00,1,Individual,5/21/2023,5/21/2023,955,Not Recurrent,Maria Chen,,,,,,,,,,,,,,,,,,,,,
D-00289,Active,Not Recurrent,Ronald Jackson,$200.00,1,Individual,5/8/2025,5/8/2025,237,Not Recurrent,Tom Russo,,,,,,,,,,,,,,,,,,,,,
D-00290,Active,Not Recurrent,Helen Smith,$500.00,3,Individual,3/10/2023,12/5/2025,26,Not Recurrent,Tom Russo,,,,,,,,,,,,,,,,,,,,,
D-00291,Lapsed,Not Recurrent,Jacob Roberts,$150.00,1,Individual,12/25/2022,12/25/2022,1102,Not Recurrent,Maria Chen,,,,,,,,,,,,,,,,,,,,,
D-00292,Lapsing,Not Recurrent,Ronald Allen,$100.00,1,Individual,11/16/2024,11/16/2024,410,Not Recurrent,Tom Russo,,,,,,,,,,,,,,,,,,,,,
D-00293,Active,Not Recurrent,Brandon Martinez,$600.00,3,Individual,1/12/2023,1/17/2025,348,Not Recurrent,Priya Nair,,,,,,,,,,,,,,,,,,,,,
D-00294,Active,Not Recurrent,David Martin,$250.00,1,Individual,3/23/2025,3/23/2025,283,Not Recurrent,Maria Chen,,,,,,,,,,,,,,,,,,,,,
D-00295,Active,Not Recurrent,Linda Martin,$675.00,4,Individual,8/28/2022,1/10/2025,355,Not Recurrent,Maria Chen,,,,,,,,,,,,,,,,,,,,,
D-00296,Lapsed,Not Recurrent,Kimberly Hernandez,$200.00,2,Individual,4/7/2022,9/30/2022,1188,Not Recurrent,Maria Chen,,,,,,,,,,,,,,,,,,,,,
D-00297,Active,Not Recurrent,David Taylor,$600.00,2,Individual,2/5/2024,3/25/2025,281,Not Recurrent,Tom Russo,,,,,,,,,,,,,,,,,,,,,
D-00298,Active,Not Recurrent,Deborah Hernandez,$25.00,1,Individual,7/13/2025,7/13/2025,171,Not Recurrent,Maria Chen,,,,,,,,,,,,,,,,,,,,,
D-00299,Active,Not Recurrent,Mary Thomas,$100.00,1,Individual,9/22/2025,9/22/2025,100,Not Recurrent,James Whitfield,,,,,,,,,,,,,,,,,,,,,
D-00300,Lapsing,Not Recurrent,Kenneth Moore,$50.00,1,Individual,3/28/2024,3/28/2024,643,Not Recurrent,Priya Nair,,,,,,,,,,,,,,,,,,,,,
D-00301,Lapsed,Not Recurrent,Jennifer Sanchez,$50.00,1,Individual,11/12/2022,11/12/2022,1145,Not Recurrent,Aisha Bello,,,,,,,,,,,,,,,,,,,,,
D-00302,Active,Active,Larry Martin,$875.00,31,Individual,2/17/2023,12/17/2025,14,Monthly,Priya Nair,,,,,,,,,,,,,,,,,,,,,
D-00303,Active,Not Recurrent,Ashley Martinez,"$15,000.00",3,Individual,5/12/2022,9/21/2025,101,Not Recurrent,James Whitfield,,,,,,,,,,,,,,,,,,,,,
D-00304,Active,Not Recurrent,Cascade Health Partners,"$15,000.00",2,Organization,7/25/2024,12/4/2025,27,Not Recurrent,James Whitfield,,,,,,,,,,,,,,,,,,,,,
D-00305,Active,Not Recurrent,Emily Garcia,"$22,500.00",2,Individual,3/8/2024,1/18/2025,347,Not Recurrent,Tom Russo,,,,,,,,,,,,,,,,,,,,,
D-00306,Active,Not Recurrent,Cedar Ridge Corporation,$250.00,1,Organization,5/17/2025,5/17/2025,228,Not Recurrent,Maria Chen,,,,,,,,,,,,,,,,,,,,,
D-00307,Lapsed,Not Recurrent,Kenneth Sanchez,$500.00,2,Individual,6/15/2022,11/18/2022,1139,Not Recurrent,James Whitfield,,,,,,,,,,,,,,,,,,,,,
D-00308,Active,Not Recurrent,Karen Miller,"$33,500.00",4,Individual,8/14/2022,9/23/2025,99,Not Recurrent,Tom Russo,,,,,,,,,,,,,,,,,,,,,
D-00309,Lapsed,Not Recurrent,Michelle Robinson,$25.00,1,Individual,2/22/2022,2/22/2022,1408,Not Recurrent,James Whitfield,,,,,,,,,,,,,,,,,,,,,
D-00310,Lapsed,Not Recurrent,Charles Garcia,$50.00,1,Individual,10/13/2023,10/13/2023,810,Not Recurrent,Priya Nair,,,,,,,,,,,,,,,,,,,,,
D-00311,Never Gave,Not Recurrent,Patricia Sanchez,$0.00,0,Individual,1/0/1900,1/0/1900,46022,Not Recurrent,James Whitfield,,,,,,,,,,,,,,,,,,,,,
D-00312,Active,Active,Mary Brown,$620.00,30,Individual,6/28/2023,12/28/2025,3,Monthly,Aisha Bello,,,,,,,,,,,,,,,,,,,,,
D-00313,Active,Not Recurrent,Elizabeth Johnson,$150.00,1,Individual,10/4/2025,10/4/2025,88,Not Recurrent,James Whitfield,,,,,,,,,,,,,,,,,,,,,
D-00314,Active,Not Recurrent,Nancy Torres,$100.00,1,Individual,8/4/2025,8/4/2025,149,Not Recurrent,Tom Russo,,,,,,,,,,,,,,,,,,,,,
D-00315,Active,Active,Lisa Moore,$720.00,47,Individual,1/1/2022,12/1/2025,30,Monthly,Maria Chen,,,,,,,,,,,,,,,,,,,,,
D-00316,Lapsed,Not Recurrent,Stephen Walker,$50.00,1,Individual,10/25/2023,10/25/2023,798,Not Recurrent,James Whitfield,,,,,,,,,,,,,,,,,,,,,
D-00317,Never Gave,Not Recurrent,Anna Johnson,$0.00,0,Individual,1/0/1900,1/0/1900,46022,Not Recurrent,Tom Russo,,,,,,,,,,,,,,,,,,,,,
D-00318,Active,Not Recurrent,Stephanie Moore,$75.00,1,Individual,10/24/2025,10/24/2025,68,Not Recurrent,James Whitfield,,,,,,,,,,,,,,,,,,,,,
D-00319,Lapsed,Not Recurrent,Helen Thompson,$50.00,1,Individual,2/2/2022,2/2/2022,1428,Not Recurrent,Maria Chen,,,,,,,,,,,,,,,,,,,,,
D-00320,Active,Active,Linda Carter,$640.00,30,Individual,5/10/2023,12/10/2025,21,Monthly,Aisha Bello,,,,,,,,,,,,,,,,,,,,,
D-00321,Lapsed,Not Recurrent,Melissa Nguyen,$200.00,2,Individual,2/3/2022,11/29/2022,1128,Not Recurrent,Priya Nair,,,,,,,,,,,,,,,,,,,,,
D-00322,Lapsed,Not Recurrent,Shirley Wright,$25.00,1,Individual,5/11/2022,5/11/2022,1330,Not Recurrent,Maria Chen,,,,,,,,,,,,,,,,,,,,,
D-00323,Lapsed,Not Recurrent,Kevin Flores,$100.00,1,Individual,12/22/2022,12/22/2022,1105,Not Recurrent,James Whitfield,,,,,,,,,,,,,,,,,,,,,
D-00324,Active,Active,Charles Roberts,$420.00,11,Individual,2/3/2023,11/3/2025,58,Quarterly,Maria Chen,,,,,,,,,,,,,,,,,,,,,
D-00325,Active,Active,Carol Rodriguez,$390.00,23,Individual,11/25/2023,12/25/2025,6,Monthly,Tom Russo,,,,,,,,,,,,,,,,,,,,,
D-00326,Lapsed,Not Recurrent,Brandon Thompson,$50.00,1,Individual,7/24/2022,7/24/2022,1256,Not Recurrent,Tom Russo,,,,,,,,,,,,,,,,,,,,,
D-00327,Lapsed,Not Recurrent,Pamela Sanchez,$350.00,2,Individual,2/3/2023,8/21/2023,863,Not Recurrent,Priya Nair,,,,,,,,,,,,,,,,,,,,,
D-00328,Lapsed,Not Recurrent,Elizabeth Thomas,$600.00,2,Individual,9/3/2022,11/26/2023,766,Not Recurrent,Maria Chen,,,,,,,,,,,,,,,,,,,,,
D-00329,Active,Canceled,Ashley Hall,"$1,200.00",16,Individual,1/1/2022,10/1/2025,91,Quarterly,Maria Chen,,,,,,,,,,,,,,,,,,,,,
D-00330,Lapsing,Not Recurrent,Timothy Young,$250.00,1,Individual,2/8/2024,2/8/2024,692,Not Recurrent,Maria Chen,,,,,,,,,,,,,,,,,,,,,
D-00331,Active,Not Recurrent,Whitfield Family Foundation,$25.00,1,Organization,3/15/2025,3/15/2025,291,Not Recurrent,Maria Chen,,,,,,,,,,,,,,,,,,,,,
D-00332,Active,Not Recurrent,Cedar Ridge Corporation,$75.00,1,Organization,11/12/2025,11/12/2025,49,Not Recurrent,Tom Russo,,,,,,,,,,,,,,,,,,,,,
D-00333,Active,Not Recurrent,Northgate Manufacturing,$50.00,1,Organization,4/21/2025,4/21/2025,254,Not Recurrent,Aisha Bello,,,,,,,,,,,,,,,,,,,,,
D-00334,Never Gave,Not Recurrent,Fairview Family Fund,$0.00,0,Organization,1/0/1900,1/0/1900,46022,Not Recurrent,Maria Chen,,,,,,,,,,,,,,,,,,,,,
D-00335,Lapsed,Not Recurrent,Amy Gonzalez,$150.00,1,Individual,12/9/2023,12/9/2023,753,Not Recurrent,Aisha Bello,,,,,,,,,,,,,,,,,,,,,
D-00336,Active,Not Recurrent,Gary Nelson,$500.00,1,Individual,1/6/2025,1/6/2025,359,Not Recurrent,Tom Russo,,,,,,,,,,,,,,,,,,,,,
D-00337,Lapsing,Not Recurrent,Kimberly Lewis,$150.00,1,Individual,9/30/2024,9/30/2024,457,Not Recurrent,Priya Nair,,,,,,,,,,,,,,,,,,,,,
D-00338,Active,Canceled,Anna Clark,$160.00,15,Individual,1/1/2022,10/1/2025,91,Quarterly,Tom Russo,,,,,,,,,,,,,,,,,,,,,
D-00339,Lapsed,Not Recurrent,Pamela Thomas,$100.00,1,Individual,12/6/2023,12/6/2023,756,Not Recurrent,Maria Chen,,,,,,,,,,,,,,,,,,,,,
D-00340,Lapsing,Not Recurrent,Samantha Martinez,$75.00,1,Individual,1/28/2024,1/28/2024,703,Not Recurrent,James Whitfield,,,,,,,,,,,,,,,,,,,,,
D-00341,Lapsing,Not Recurrent,Sharon Gonzalez,$900.00,3,Individual,3/20/2022,3/23/2024,648,Not Recurrent,Aisha Bello,,,,,,,,,,,,,,,,,,,,,
D-00342,Lapsed,Not Recurrent,Carol Moore,$150.00,1,Individual,5/14/2022,5/14/2022,1327,Not Recurrent,Priya Nair,,,,,,,,,,,,,,,,,,,,,
D-00343,Lapsed,Not Recurrent,Larry Nguyen,$50.00,1,Individual,6/14/2023,6/14/2023,931,Not Recurrent,Maria Chen,,,,,,,,,,,,,,,,,,,,,
D-00344,Lapsing,Not Recurrent,Brian Clark,$25.00,1,Individual,6/17/2024,6/17/2024,562,Not Recurrent,Priya Nair,,,,,,,,,,,,,,,,,,,,,
D-00345,Lapsed,Not Recurrent,Samantha Hill,$50.00,1,Individual,4/25/2022,4/25/2022,1346,Not Recurrent,James Whitfield,,,,,,,,,,,,,,,,,,,,,
D-00346,Active,Not Recurrent,Robert Perez,"$15,000.00",2,Individual,10/19/2024,5/2/2025,243,Not Recurrent,Maria Chen,,,,,,,,,,,,,,,,,,,,,
D-00347,Active,Canceled,Carol Moore,"$1,600.00",16,Individual,1/1/2022,10/1/2025,91,Quarterly,James Whitfield,,,,,,,,,,,,,,,,,,,,,
D-00348,Lapsing,Not Recurrent,Deborah Brown,$100.00,1,Individual,8/6/2024,8/6/2024,512,Not Recurrent,Aisha Bello,,,,,,,,,,,,,,,,,,,,,
D-00349,Lapsed,Not Recurrent,Larry Johnson,$50.00,1,Individual,3/14/2023,3/14/2023,1023,Not Recurrent,Maria Chen,,,,,,,,,,,,,,,,,,,,,
D-00350,Active,Not Recurrent,Betty Moore,$75.00,1,Individual,7/29/2025,7/29/2025,155,Not Recurrent,Tom Russo,,,,,,,,,,,,,,,,,,,,,
D-00351,Lapsing,Not Recurrent,Cynthia Lopez,$75.00,1,Individual,1/15/2024,1/15/2024,716,Not Recurrent,Aisha Bello,,,,,,,,,,,,,,,,,,,,,
D-00352,Active,Not Recurrent,Christopher Torres,$950.00,4,Individual,7/17/2022,1/19/2025,346,Not Recurrent,James Whitfield,,,,,,,,,,,,,,,,,,,,,
D-00353,Active,Active,Mary Walker,$200.00,4,Individual,9/28/2025,12/28/2025,3,Monthly,Maria Chen,,,,,,,,,,,,,,,,,,,,,
D-00354,Active,Active,Emily Ramirez,$800.00,8,Individual,2/24/2024,11/24/2025,37,Quarterly,Aisha Bello,,,,,,,,,,,,,,,,,,,,,
D-00355,Lapsed,Not Recurrent,Ronald Nguyen,$50.00,1,Individual,9/27/2023,9/27/2023,826,Not Recurrent,Priya Nair,,,,,,,,,,,,,,,,,,,,,
D-00356,Lapsing,Not Recurrent,Cedar Ridge Corporation,$25.00,1,Organization,10/11/2024,10/11/2024,446,Not Recurrent,Aisha Bello,,,,,,,,,,,,,,,,,,,,,
D-00357,Active,Not Recurrent,Donald Brown,"$14,500.00",4,Individual,8/14/2022,5/30/2025,215,Not Recurrent,James Whitfield,,,,,,,,,,,,,,,,,,,,,
D-00358,Active,Active,Laura Sanchez,$450.00,6,Individual,7/16/2025,12/16/2025,15,Monthly,Priya Nair,,,,,,,,,,,,,,,,,,,,,
D-00359,Active,Not Recurrent,Jacob Nelson,$400.00,2,Individual,10/20/2024,12/11/2025,20,Not Recurrent,Priya Nair,,,,,,,,,,,,,,,,,,,,,
D-00360,Active,Active,Brenda Carter,$650.00,12,Individual,10/6/2022,10/6/2025,86,Quarterly,Maria Chen,,,,,,,,,,,,,,,,,,,,,
D-00361,Lapsing,Not Recurrent,Kevin White,$300.00,1,Individual,3/12/2024,3/12/2024,659,Not Recurrent,Maria Chen,,,,,,,,,,,,,,,,,,,,,
D-00362,Lapsing,Not Recurrent,Jessica Baker,$400.00,2,Individual,2/10/2023,9/10/2024,477,Not Recurrent,Maria Chen,,,,,,,,,,,,,,,,,,,,,
D-00363,Lapsing,Not Recurrent,Ryan Martinez,$350.00,3,Individual,4/12/2022,10/30/2024,427,Not Recurrent,Maria Chen,,,,,,,,,,,,,,,,,,,,,
D-00364,Lapsed,Not Recurrent,Bluebird Community Bank,$250.00,1,Organization,5/29/2023,5/29/2023,947,Not Recurrent,Tom Russo,,,,,,,,,,,,,,,,,,,,,
D-00365,Active,Active,Jason Sanchez,"$1,155.00",32,Individual,4/20/2023,12/20/2025,11,Monthly,Maria Chen,,,,,,,,,,,,,,,,,,,,,
D-00366,Active,Not Recurrent,Carol Carter,$350.00,3,Individual,8/2/2022,7/11/2025,173,Not Recurrent,James Whitfield,,,,,,,,,,,,,,,,,,,,,
D-00367,Active,Canceled,Redwood Insurance Group,$800.00,16,Organization,1/1/2022,10/1/2025,91,Quarterly,Aisha Bello,,,,,,,,,,,,,,,,,,,,,
D-00368,Lapsed,Not Recurrent,Sarah Perez,$250.00,1,Individual,1/31/2023,1/31/2023,1065,Not Recurrent,James Whitfield,,,,,,,,,,,,,,,,,,,,,
D-00369,Active,Not Recurrent,Margaret Campbell,$200.00,2,Individual,1/2/2022,6/13/2025,201,Not Recurrent,Maria Chen,,,,,,,,,,,,,,,,,,,,,
D-00370,Lapsed,Canceled,Jonathan Flores,$135.00,8,Individual,1/1/2022,9/1/2022,1217,Monthly,Maria Chen,,,,,,,,,,,,,,,,,,,,,
D-00371,Active,Not Recurrent,Edward Davis,$150.00,2,Individual,5/21/2023,3/7/2025,299,Not Recurrent,James Whitfield,,,,,,,,,,,,,,,,,,,,,
D-00372,Lapsing,Not Recurrent,Eric Moore,$75.00,1,Individual,1/26/2024,1/26/2024,705,Not Recurrent,Tom Russo,,,,,,,,,,,,,,,,,,,,,
D-00373,Active,Not Recurrent,Shirley Gonzalez,$250.00,1,Individual,7/11/2025,7/11/2025,173,Not Recurrent,Priya Nair,,,,,,,,,,,,,,,,,,,,,
D-00374,Lapsed,Not Recurrent,Bluebird Community Bank,$150.00,1,Organization,11/26/2022,11/26/2022,1131,Not Recurrent,Maria Chen,,,,,,,,,,,,,,,,,,,,,
D-00375,Active,Not Recurrent,Karen Garcia,"$24,500.00",4,Individual,1/29/2022,7/25/2025,159,Not Recurrent,Aisha Bello,,,,,,,,,,,,,,,,,,,,,
D-00376,Lapsing,Not Recurrent,Kathleen Brown,$600.00,3,Individual,8/18/2022,4/29/2024,611,Not Recurrent,Aisha Bello,,,,,,,,,,,,,,,,,,,,,
D-00377,Lapsed,Not Recurrent,Whitfield Family Foundation #377,$300.00,2,Organization,1/10/2023,12/23/2023,739,Not Recurrent,Aisha Bello,,,,,,,,,,,,,,,,,,,,,
D-00378,Never Gave,Not Recurrent,The Alden Foundation,$0.00,0,Organization,1/0/1900,1/0/1900,46022,Not Recurrent,Aisha Bello,,,,,,,,,,,,,,,,,,,,,
D-00379,Lapsed,Not Recurrent,Nancy Davis,$50.00,1,Individual,10/26/2022,10/26/2022,1162,Not Recurrent,James Whitfield,,,,,,,,,,,,,,,,,,,,,
D-00380,Lapsed,Not Recurrent,Lisa Flores,$100.00,1,Individual,7/23/2023,7/23/2023,892,Not Recurrent,James Whitfield,,,,,,,,,,,,,,,,,,,,,
D-00381,Active,Not Recurrent,David Taylor,"$10,000.00",2,Individual,11/14/2024,4/14/2025,261,Not Recurrent,Priya Nair,,,,,,,,,,,,,,,,,,,,,
D-00382,Lapsed,Not Recurrent,Amanda King,$575.00,2,Individual,8/17/2022,4/16/2023,990,Not Recurrent,Tom Russo,,,,,,,,,,,,,,,,,,,,,
D-00383,Lapsed,Not Recurrent,Stephanie Martinez,$250.00,2,Individual,4/22/2022,8/26/2022,1223,Not Recurrent,Maria Chen,,,,,,,,,,,,,,,,,,,,,
D-00384,Lapsing,Not Recurrent,Nancy Jones,$650.00,2,Individual,7/18/2022,11/1/2024,425,Not Recurrent,Aisha Bello,,,,,,,,,,,,,,,,,,,,,
D-00385,Never Gave,Not Recurrent,Donald Garcia,$0.00,0,Individual,1/0/1900,1/0/1900,46022,Not Recurrent,Tom Russo,,,,,,,,,,,,,,,,,,,,,
D-00386,Never Gave,Not Recurrent,Robert Miller,$0.00,0,Individual,1/0/1900,1/0/1900,46022,Not Recurrent,Priya Nair,,,,,,,,,,,,,,,,,,,,,
D-00387,Active,Active,Ryan Perez,$480.00,46,Individual,1/1/2022,12/1/2025,30,Monthly,Tom Russo,,,,,,,,,,,,,,,,,,,,,
D-00388,Active,Not Recurrent,Cynthia Davis,$425.00,2,Individual,9/24/2023,12/3/2025,28,Not Recurrent,Maria Chen,,,,,,,,,,,,,,,,,,,,,
D-00389,Lapsed,Not Recurrent,Susan Williams,$250.00,1,Individual,11/20/2023,11/20/2023,772,Not Recurrent,Maria Chen,,,,,,,,,,,,,,,,,,,,,
D-00390,Active,Not Recurrent,Ronald Wilson,$250.00,1,Individual,11/22/2025,11/22/2025,39,Not Recurrent,Aisha Bello,,,,,,,,,,,,,,,,,,,,,
D-00391,Never Gave,Not Recurrent,Nicole Davis,$0.00,0,Individual,1/0/1900,1/0/1900,46022,Not Recurrent,Priya Nair,,,,,,,,,,,,,,,,,,,,,
D-00392,Active,Not Recurrent,Summit Legal Partners,$50.00,1,Organization,11/24/2025,11/24/2025,37,Not Recurrent,Priya Nair,,,,,,,,,,,,,,,,,,,,,
D-00393,Lapsing,Not Recurrent,Emma Lee,$250.00,1,Individual,4/12/2024,4/12/2024,628,Not Recurrent,Priya Nair,,,,,,,,,,,,,,,,,,,,,
D-00394,Active,Canceled,Donna Lewis,$130.00,12,Individual,9/28/2024,9/28/2025,94,Monthly,Aisha Bello,,,,,,,,,,,,,,,,,,,,,
D-00395,Active,Not Recurrent,Margaret Gonzalez,$100.00,1,Individual,2/14/2025,2/14/2025,320,Not Recurrent,Aisha Bello,,,,,,,,,,,,,,,,,,,,,
D-00396,Active,Active,Carol Rivera,$900.00,8,Individual,4/22/2025,12/22/2025,9,Monthly,Tom Russo,,,,,,,,,,,,,,,,,,,,,
D-00397,Active,Not Recurrent,Jonathan Jackson,$75.00,1,Individual,11/16/2025,11/16/2025,45,Not Recurrent,Maria Chen,,,,,,,,,,,,,,,,,,,,,
D-00398,Lapsing,Not Recurrent,Harborview Financial Group,$50.00,1,Organization,11/24/2024,11/24/2024,402,Not Recurrent,James Whitfield,,,,,,,,,,,,,,,,,,,,,
D-00399,Active,Not Recurrent,Melissa Lewis,$75.00,1,Individual,7/12/2025,7/12/2025,172,Not Recurrent,James Whitfield,,,,,,,,,,,,,,,,,,,,,
D-00400,Lapsed,Not Recurrent,Andrew Hall,$25.00,1,Individual,8/27/2023,8/27/2023,857,Not Recurrent,Tom Russo,,,,,,,,,,,,,,,,,,,,,
D-00401,Never Gave,Not Recurrent,Samantha Roberts,$0.00,0,Individual,1/0/1900,1/0/1900,46022,Not Recurrent,Priya Nair,,,,,,,,,,,,,,,,,,,,,
D-00402,Lapsed,Not Recurrent,Donna Lewis,$250.00,1,Individual,1/12/2022,1/12/2022,1449,Not Recurrent,James Whitfield,,,,,,,,,,,,,,,,,,,,,
D-00403,Lapsed,Not Recurrent,Harborview Financial Group,$50.00,1,Organization,9/12/2023,9/12/2023,841,Not Recurrent,Maria Chen,,,,,,,,,,,,,,,,,,,,,
D-00404,Lapsed,Not Recurrent,Scott Brown,$250.00,1,Individual,8/29/2023,8/29/2023,855,Not Recurrent,Tom Russo,,,,,,,,,,,,,,,,,,,,,
D-00405,Active,Not Recurrent,Helen Anderson,$150.00,2,Individual,7/6/2024,8/31/2025,122,Not Recurrent,James Whitfield,,,,,,,,,,,,,,,,,,,,,
D-00406,Active,Not Recurrent,Margaret Nelson,$375.00,2,Individual,7/24/2024,10/20/2025,72,Not Recurrent,James Whitfield,,,,,,,,,,,,,,,,,,,,,
D-00407,Lapsed,Not Recurrent,Mary Davis,$350.00,2,Individual,2/4/2022,4/29/2022,1342,Not Recurrent,Maria Chen,,,,,,,,,,,,,,,,,,,,,
D-00408,Lapsed,Not Recurrent,Stephanie Taylor,$100.00,2,Individual,1/6/2023,9/26/2023,827,Not Recurrent,Priya Nair,,,,,,,,,,,,,,,,,,,,,
D-00409,Active,Not Recurrent,Jennifer Jackson,$275.00,3,Individual,9/1/2022,9/2/2025,120,Not Recurrent,Maria Chen,,,,,,,,,,,,,,,,,,,,,
D-00410,Active,Active,Anthony Nelson,$450.00,9,Individual,10/4/2023,10/4/2025,88,Quarterly,Maria Chen,,,,,,,,,,,,,,,,,,,,,
D-00411,Lapsed,Not Recurrent,Karen Johnson,$250.00,1,Individual,8/10/2022,8/10/2022,1239,Not Recurrent,Maria Chen,,,,,,,,,,,,,,,,,,,,,
D-00412,Active,Not Recurrent,Pamela Anderson,$650.00,2,Individual,7/20/2024,6/17/2025,197,Not Recurrent,Tom Russo,,,,,,,,,,,,,,,,,,,,,
D-00413,Never Gave,Not Recurrent,Whitfield Family Foundation,$0.00,0,Organization,1/0/1900,1/0/1900,46022,Not Recurrent,Maria Chen,,,,,,,,,,,,,,,,,,,,,
D-00414,Lapsing,Not Recurrent,Cascade Health Partners,$600.00,2,Organization,12/21/2023,5/17/2024,593,Not Recurrent,Tom Russo,,,,,,,,,,,,,,,,,,,,,
D-00415,Active,Active,Sarah Mitchell,$275.00,11,Individual,2/13/2025,12/13/2025,18,Monthly,Aisha Bello,,,,,,,,,,,,,,,,,,,,,
D-00416,Lapsing,Not Recurrent,Deborah Smith,$450.00,2,Individual,6/22/2023,5/18/2024,592,Not Recurrent,Maria Chen,,,,,,,,,,,,,,,,,,,,,
D-00417,Active,Active,Michelle Wilson,$560.00,15,Individual,9/28/2024,12/28/2025,3,Monthly,James Whitfield,,,,,,,,,,,,,,,,,,,,,
D-00418,Active,Not Recurrent,Joseph Lopez,$100.00,1,Individual,7/17/2025,7/17/2025,167,Not Recurrent,Tom Russo,,,,,,,,,,,,,,,,,,,,,
D-00419,Active,Not Recurrent,Cedar Ridge Corporation,$150.00,1,Organization,11/28/2025,11/28/2025,33,Not Recurrent,Aisha Bello,,,,,,,,,,,,,,,,,,,,,
D-00420,Lapsed,Not Recurrent,Matthew Lee,$300.00,2,Individual,1/9/2022,4/23/2022,1348,Not Recurrent,Priya Nair,,,,,,,,,,,,,,,,,,,,,
D-00421,Active,Canceled,Nancy Smith,$240.00,15,Individual,1/1/2022,10/1/2025,91,Quarterly,Tom Russo,,,,,,,,,,,,,,,,,,,,,
D-00422,Active,Failed,Amy Robinson,"$1,075.00",40,Individual,6/5/2022,12/5/2025,26,Monthly,Tom Russo,,,,,,,,,,,,,,,,,,,,,
D-00423,Active,Canceled,Harborview Financial Group,"$1,200.00",16,Organization,1/1/2022,10/1/2025,91,Quarterly,Aisha Bello,,,,,,,,,,,,,,,,,,,,,
D-00424,Never Gave,Not Recurrent,Nicholas Green,$0.00,0,Individual,1/0/1900,1/0/1900,46022,Not Recurrent,Tom Russo,,,,,,,,,,,,,,,,,,,,,
D-00425,Lapsing,Not Recurrent,Anna Wright,$100.00,1,Individual,6/18/2024,6/18/2024,561,Not Recurrent,Aisha Bello,,,,,,,,,,,,,,,,,,,,,
D-00426,Lapsing,Not Recurrent,Barbara Sanchez,$50.00,1,Individual,8/10/2024,8/10/2024,508,Not Recurrent,Priya Nair,,,,,,,,,,,,,,,,,,,,,
D-00427,Lapsing,Not Recurrent,Larry Torres,$50.00,1,Individual,7/25/2024,7/25/2024,524,Not Recurrent,Aisha Bello,,,,,,,,,,,,,,,,,,,,,
D-00428,Lapsed,Not Recurrent,Sandra Williams,$100.00,1,Individual,5/7/2023,5/7/2023,969,Not Recurrent,Tom Russo,,,,,,,,,,,,,,,,,,,,,
D-00429,Lapsing,Not Recurrent,Susan Rivera,$125.00,1,Individual,10/10/2023,6/7/2024,572,Not Recurrent,Aisha Bello,,,,,,,,,,,,,,,,,,,,,
D-00430,Lapsed,Not Recurrent,Nicole Adams,$250.00,2,Individual,1/31/2023,8/18/2023,866,Not Recurrent,James Whitfield,,,,,,,,,,,,,,,,,,,,,
D-00431,Active,Not Recurrent,Amy Hill,$350.00,4,Individual,10/27/2022,7/21/2025,163,Not Recurrent,Tom Russo,,,,,,,,,,,,,,,,,,,,,
D-00432,Active,Not Recurrent,Karen Lopez,$650.00,2,Individual,10/18/2022,12/9/2025,22,Not Recurrent,James Whitfield,,,,,,,,,,,,,,,,,,,,,
D-00433,Active,Active,Anthony Nguyen,$350.00,9,Individual,8/11/2023,11/11/2025,50,Quarterly,Maria Chen,,,,,,,,,,,,,,,,,,,,,
D-00434,Active,Active,Angela Williams,$720.00,48,Individual,1/1/2022,12/1/2025,30,Monthly,Aisha Bello,,,,,,,,,,,,,,,,,,,,,
D-00435,Lapsed,Not Recurrent,Robert Campbell,$25.00,1,Individual,8/30/2022,8/30/2022,1219,Not Recurrent,Tom Russo,,,,,,,,,,,,,,,,,,,,,
D-00436,Lapsed,Not Recurrent,Scott Martinez,$75.00,1,Individual,5/31/2022,5/31/2022,1310,Not Recurrent,Priya Nair,,,,,,,,,,,,,,,,,,,,,
D-00437,Active,Not Recurrent,Ryan Hill,$100.00,1,Individual,4/3/2025,4/3/2025,272,Not Recurrent,Tom Russo,,,,,,,,,,,,,,,,,,,,,
D-00438,Lapsed,Not Recurrent,Nicholas Baker,$400.00,2,Individual,7/20/2023,12/30/2023,732,Not Recurrent,James Whitfield,,,,,,,,,,,,,,,,,,,,,
D-00439,Active,Not Recurrent,Jessica Garcia,$300.00,1,Individual,9/12/2025,9/12/2025,110,Not Recurrent,Maria Chen,,,,,,,,,,,,,,,,,,,,,
D-00440,Active,Not Recurrent,Jennifer Hall,$50.00,1,Individual,12/25/2025,12/25/2025,6,Not Recurrent,Tom Russo,,,,,,,,,,,,,,,,,,,,,
D-00441,Active,Active,Sandra Garcia,"$1,100.00",10,Individual,2/5/2025,12/5/2025,26,Monthly,Tom Russo,,,,,,,,,,,,,,,,,,,,,
D-00442,Active,Not Recurrent,Pamela King,$650.00,2,Individual,5/28/2024,11/18/2025,43,Not Recurrent,James Whitfield,,,,,,,,,,,,,,,,,,,,,
D-00443,Active,Not Recurrent,Justin Taylor,"$10,000.00",2,Individual,4/24/2024,12/9/2025,22,Not Recurrent,Priya Nair,,,,,,,,,,,,,,,,,,,,,
D-00444,Active,Not Recurrent,Anthony Clark,$25.00,1,Individual,11/24/2025,11/24/2025,37,Not Recurrent,James Whitfield,,,,,,,,,,,,,,,,,,,,,
D-00445,Lapsed,Not Recurrent,Brian Roberts,$25.00,1,Individual,5/5/2023,5/5/2023,971,Not Recurrent,James Whitfield,,,,,,,,,,,,,,,,,,,,,
D-00446,Lapsed,Not Recurrent,Amanda Scott,$300.00,2,Individual,10/2/2022,11/4/2022,1153,Not Recurrent,James Whitfield,,,,,,,,,,,,,,,,,,,,,
D-00447,Active,Active,Jacob Hill,$720.00,46,Individual,1/1/2022,12/1/2025,30,Monthly,James Whitfield,,,,,,,,,,,,,,,,,,,,,
D-00448,Active,Not Recurrent,Rebecca Flores,$300.00,1,Individual,6/3/2025,6/3/2025,211,Not Recurrent,Maria Chen,,,,,,,,,,,,,,,,,,,,,
D-00449,Active,Failed,Eric Jackson,$300.00,3,Individual,9/21/2025,12/21/2025,10,Monthly,Priya Nair,,,,,,,,,,,,,,,,,,,,,
D-00450,Lapsed,Not Recurrent,George Thomas,$150.00,2,Individual,5/16/2022,2/10/2023,1055,Not Recurrent,Aisha Bello,,,,,,,,,,,,,,,,,,,,,
D-00451,Never Gave,Not Recurrent,Mary Mitchell,$0.00,0,Individual,1/0/1900,1/0/1900,46022,Not Recurrent,Aisha Bello,,,,,,,,,,,,,,,,,,,,,
D-00452,Active,Not Recurrent,Mark Hill,$400.00,2,Individual,1/21/2023,7/27/2025,157,Not Recurrent,Priya Nair,,,,,,,,,,,,,,,,,,,,,
D-00453,Active,Active,Cedar Ridge Corporation,$750.00,15,Organization,10/3/2024,12/3/2025,28,Monthly,Aisha Bello,,,,,,,,,,,,,,,,,,,,,
D-00454,Lapsing,Not Recurrent,Larry Walker,$150.00,1,Individual,6/19/2024,6/19/2024,560,Not Recurrent,Tom Russo,,,,,,,,,,,,,,,,,,,,,
D-00455,Lapsing,Not Recurrent,Cascade Health Partners,$275.00,3,Organization,1/21/2022,6/23/2024,556,Not Recurrent,Aisha Bello,,,,,,,,,,,,,,,,,,,,,
D-00456,Lapsed,Not Recurrent,Kimberly Thomas,$75.00,1,Individual,7/19/2023,7/19/2023,896,Not Recurrent,Maria Chen,,,,,,,,,,,,,,,,,,,,,
D-00457,Active,Canceled,Pamela Moore,$160.00,16,Individual,1/1/2022,10/1/2025,91,Quarterly,Tom Russo,,,,,,,,,,,,,,,,,,,,,
D-00458,Active,Active,Anthony Anderson,"$2,775.00",36,Individual,12/28/2022,12/28/2025,3,Monthly,James Whitfield,,,,,,,,,,,,,,,,,,,,,
D-00459,Never Gave,Not Recurrent,Brandon Smith,$0.00,0,Individual,1/0/1900,1/0/1900,46022,Not Recurrent,Aisha Bello,,,,,,,,,,,,,,,,,,,,,
D-00460,Active,Not Recurrent,Pamela Moore,$100.00,1,Individual,2/13/2025,2/13/2025,321,Not Recurrent,Aisha Bello,,,,,,,,,,,,,,,,,,,,,
D-00461,Active,Not Recurrent,Amy Wright,"$1,000.00",3,Individual,11/18/2023,8/19/2025,134,Not Recurrent,James Whitfield,,,,,,,,,,,,,,,,,,,,,
D-00462,Lapsing,Not Recurrent,Mary Baker,$250.00,1,Individual,1/21/2024,1/21/2024,710,Not Recurrent,Aisha Bello,,,,,,,,,,,,,,,,,,,,,
D-00463,Active,Active,Paul Walker,$960.00,47,Individual,1/1/2022,12/1/2025,30,Monthly,Tom Russo,,,,,,,,,,,,,,,,,,,,,
D-00464,Active,Active,Rebecca Moore,"$4,800.00",47,Individual,1/1/2022,12/1/2025,30,Monthly,Priya Nair,,,,,,,,,,,,,,,,,,,,,
D-00465,Lapsing,Not Recurrent,Brenda Ramirez,$575.00,2,Individual,9/29/2023,9/13/2024,474,Not Recurrent,Tom Russo,,,,,,,,,,,,,,,,,,,,,
D-00466,Lapsing,Not Recurrent,Eric Wright,$600.00,2,Individual,12/18/2022,4/9/2024,631,Not Recurrent,Aisha Bello,,,,,,,,,,,,,,,,,,,,,
D-00467,Lapsed,Not Recurrent,Linda Wilson,$400.00,2,Individual,12/31/2022,4/12/2023,994,Not Recurrent,Tom Russo,,,,,,,,,,,,,,,,,,,,,
D-00468,Lapsed,Not Recurrent,Steven Thompson,$250.00,1,Individual,9/10/2023,9/10/2023,843,Not Recurrent,Priya Nair,,,,,,,,,,,,,,,,,,,,,
D-00469,Never Gave,Not Recurrent,Melissa Lee,$0.00,0,Individual,1/0/1900,1/0/1900,46022,Not Recurrent,Maria Chen,,,,,,,,,,,,,,,,,,,,,
D-00470,Active,Not Recurrent,Nancy Green,$50.00,1,Individual,6/17/2025,6/17/2025,197,Not Recurrent,Tom Russo,,,,,,,,,,,,,,,,,,,,,
D-00471,Lapsed,Canceled,Donna Rivera,$140.00,7,Individual,6/8/2023,12/8/2023,754,Monthly,Aisha Bello,,,,,,,,,,,,,,,,,,,,,
D-00472,Lapsed,Not Recurrent,Cynthia Clark,$150.00,1,Individual,7/20/2023,7/20/2023,895,Not Recurrent,James Whitfield,,,,,,,,,,,,,,,,,,,,,
D-00473,Lapsed,Not Recurrent,William Wilson,$25.00,1,Individual,9/30/2023,9/30/2023,823,Not Recurrent,Maria Chen,,,,,,,,,,,,,,,,,,,,,
D-00474,Active,Active,William Miller,$720.00,47,Individual,1/1/2022,12/1/2025,30,Monthly,Tom Russo,,,,,,,,,,,,,,,,,,,,,
D-00475,Lapsed,Not Recurrent,Thomas Rodriguez,$200.00,2,Individual,2/15/2023,11/23/2023,769,Not Recurrent,Maria Chen,,,,,,,,,,,,,,,,,,,,,
D-00476,Active,Active,Anna Moore,$120.00,12,Individual,1/17/2025,12/17/2025,14,Monthly,James Whitfield,,,,,,,,,,,,,,,,,,,,,
D-00477,Active,Not Recurrent,Larry Ramirez,$150.00,1,Individual,10/9/2025,10/9/2025,83,Not Recurrent,Aisha Bello,,,,,,,,,,,,,,,,,,,,,
D-00478,Active,Not Recurrent,Harborview Financial Group,$700.00,2,Organization,10/15/2022,3/14/2025,292,Not Recurrent,Maria Chen,,,,,,,,,,,,,,,,,,,,,
D-00479,Never Gave,Not Recurrent,Mary Hall,$0.00,0,Individual,1/0/1900,1/0/1900,46022,Not Recurrent,Aisha Bello,,,,,,,,,,,,,,,,,,,,,
D-00480,Active,Active,James Scott,$150.00,3,Individual,4/15/2025,10/15/2025,77,Quarterly,Tom Russo,,,,,,,,,,,,,,,,,,,,,
D-00481,Active,Not Recurrent,Edward Anderson,$50.00,1,Individual,7/14/2025,7/14/2025,170,Not Recurrent,Priya Nair,,,,,,,,,,,,,,,,,,,,,
D-00482,Active,Canceled,Paul Clark,$240.00,15,Individual,1/1/2022,10/1/2025,91,Quarterly,James Whitfield,,,,,,,,,,,,,,,,,,,,,
D-00483,Active,Not Recurrent,Samantha Young,"$23,500.00",3,Individual,1/29/2023,8/15/2025,138,Not Recurrent,Maria Chen,,,,,,,,,,,,,,,,,,,,,
D-00484,Lapsing,Not Recurrent,Thomas Rivera,$250.00,1,Individual,1/25/2024,1/25/2024,706,Not Recurrent,Maria Chen,,,,,,,,,,,,,,,,,,,,,
D-00485,Lapsing,Not Recurrent,Shirley White,$100.00,1,Individual,10/11/2024,10/11/2024,446,Not Recurrent,Aisha Bello,,,,,,,,,,,,,,,,,,,,,
D-00486,Never Gave,Not Recurrent,Elizabeth Wright,$0.00,0,Individual,1/0/1900,1/0/1900,46022,Not Recurrent,Tom Russo,,,,,,,,,,,,,,,,,,,,,
D-00487,Active,Not Recurrent,Ashley Mitchell,$850.00,3,Individual,10/12/2022,10/1/2025,91,Not Recurrent,Priya Nair,,,,,,,,,,,,,,,,,,,,,
D-00488,Active,Active,Carol Hernandez,$150.00,9,Individual,3/1/2025,12/1/2025,30,Monthly,Priya Nair,,,,,,,,,,,,,,,,,,,,,
D-00489,Lapsed,Not Recurrent,Michael Nelson,$250.00,2,Individual,7/12/2023,12/8/2023,754,Not Recurrent,Tom Russo,,,,,,,,,,,,,,,,,,,,,
D-00490,Never Gave,Not Recurrent,Ronald Thomas,$0.00,0,Individual,1/0/1900,1/0/1900,46022,Not Recurrent,Tom Russo,,,,,,,,,,,,,,,,,,,,,
D-00491,Lapsing,Canceled,Bright Path Charitable Trust,$310.00,29,Organization,1/1/2022,7/1/2024,548,Monthly,Maria Chen,,,,,,,,,,,,,,,,,,,,,
D-00492,Active,Not Recurrent,Thomas Young,$250.00,1,Individual,10/1/2025,10/1/2025,91,Not Recurrent,Aisha Bello,,,,,,,,,,,,,,,,,,,,,
D-00493,Active,Not Recurrent,Sarah Taylor,$25.00,1,Individual,1/3/2025,1/3/2025,362,Not Recurrent,Priya Nair,,,,,,,,,,,,,,,,,,,,,
D-00494,Active,Not Recurrent,Brian Lee,$250.00,1,Individual,11/14/2025,11/14/2025,47,Not Recurrent,Priya Nair,,,,,,,,,,,,,,,,,,,,,
D-00495,Active,Active,Kimberly Wright,$240.00,16,Individual,9/3/2024,12/3/2025,28,Monthly,Tom Russo,,,,,,,,,,,,,,,,,,,,,
D-00496,Active,Active,Samantha Thomas,$600.00,11,Individual,1/16/2025,12/16/2025,15,Monthly,Tom Russo,,,,,,,,,,,,,,,,,,,,,
D-00497,Lapsing,Not Recurrent,Andrew Lee,$100.00,1,Individual,6/12/2024,6/12/2024,567,Not Recurrent,Maria Chen,,,,,,,,,,,,,,,,,,,,,
D-00498,Active,Active,Daniel Williams,"$1,200.00",47,Individual,1/1/2022,12/1/2025,30,Monthly,Maria Chen,,,,,,,,,,,,,,,,,,,,,
D-00499,Lapsed,Not Recurrent,Nicole Taylor,$250.00,1,Individual,7/7/2023,7/7/2023,908,Not Recurrent,Maria Chen,,,,,,,,,,,,,,,,,,,,,
D-00500,Active,Not Recurrent,Kathleen Green,$500.00,1,Individual,11/14/2025,11/14/2025,47,Not Recurrent,Aisha Bello,,,,,,,,,,,,,,,,,,,,,
D-00501,Lapsed,Not Recurrent,Joshua Jones,$350.00,2,Individual,7/16/2022,3/9/2023,1028,Not Recurrent,Maria Chen,,,,,,,,,,,,,,,,,,,,,
D-00502,Active,Active,Ashley Torres,$675.00,9,Individual,4/5/2025,12/5/2025,26,Monthly,Tom Russo,,,,,,,,,,,,,,,,,,,,,
D-00503,Active,Not Recurrent,Jason Miller,$500.00,1,Individual,8/5/2025,8/5/2025,148,Not Recurrent,Tom Russo,,,,,,,,,,,,,,,,,,,,,
D-00504,Lapsed,Not Recurrent,Melissa Lee,$50.00,1,Individual,6/5/2023,6/5/2023,940,Not Recurrent,Aisha Bello,,,,,,,,,,,,,,,,,,,,,
D-00505,Active,Not Recurrent,Donald Torres,"$1,000.00",1,Individual,1/4/2025,1/4/2025,361,Not Recurrent,Aisha Bello,,,,,,,,,,,,,,,,,,,,,
D-00506,Active,Not Recurrent,Whitfield Family Foundation,$150.00,1,Organization,8/2/2025,8/2/2025,151,Not Recurrent,Aisha Bello,,,,,,,,,,,,,,,,,,,,,
D-00507,Active,Not Recurrent,Emily Scott,$500.00,1,Individual,3/1/2025,3/1/2025,305,Not Recurrent,James Whitfield,,,,,,,,,,,,,,,,,,,,,
D-00508,Lapsed,Canceled,George Nguyen,"$1,900.00",18,Individual,5/15/2022,11/15/2023,777,Monthly,Maria Chen,,,,,,,,,,,,,,,,,,,,,
D-00509,Active,Not Recurrent,Amy Lopez,$250.00,1,Individual,7/3/2025,7/3/2025,181,Not Recurrent,Maria Chen,,,,,,,,,,,,,,,,,,,,,
D-00510,Lapsed,Not Recurrent,Edward Garcia,$350.00,2,Individual,1/13/2022,9/8/2022,1210,Not Recurrent,Aisha Bello,,,,,,,,,,,,,,,,,,,,,
D-00511,Active,Not Recurrent,Emma Smith,$225.00,2,Individual,6/28/2024,3/11/2025,295,Not Recurrent,Maria Chen,,,,,,,,,,,,,,,,,,,,,
D-00512,Active,Not Recurrent,Karen Brown,$150.00,1,Individual,12/9/2025,12/9/2025,22,Not Recurrent,Priya Nair,,,,,,,,,,,,,,,,,,,,,
D-00513,Active,Not Recurrent,Charles Rodriguez,$25.00,1,Individual,6/24/2025,6/24/2025,190,Not Recurrent,Maria Chen,,,,,,,,,,,,,,,,,,,,,
D-00514,Lapsed,Not Recurrent,Thomas Carter,$75.00,1,Individual,12/18/2022,12/18/2022,1109,Not Recurrent,Tom Russo,,,,,,,,,,,,,,,,,,,,,
D-00515,Lapsed,Not Recurrent,Helen Thomas,$50.00,1,Individual,11/26/2023,11/26/2023,766,Not Recurrent,Aisha Bello,,,,,,,,,,,,,,,,,,,,,
D-00516,Never Gave,Not Recurrent,George Thompson,$0.00,0,Individual,1/0/1900,1/0/1900,46022,Not Recurrent,Maria Chen,,,,,,,,,,,,,,,,,,,,,
D-00517,Active,Active,Jeffrey Flores,"$3,600.00",46,Individual,1/1/2022,12/1/2025,30,Monthly,James Whitfield,,,,,,,,,,,,,,,,,,,,,
D-00518,Active,Not Recurrent,Joseph Mitchell,$400.00,4,Individual,9/13/2022,2/23/2025,311,Not Recurrent,Aisha Bello,,,,,,,,,,,,,,,,,,,,,
D-00519,Active,Not Recurrent,Kevin Wilson,$75.00,1,Individual,9/28/2025,9/28/2025,94,Not Recurrent,Priya Nair,,,,,,,,,,,,,,,,,,,,,
D-00520,Lapsing,Not Recurrent,Charles Hall,$150.00,1,Individual,12/15/2024,12/15/2024,381,Not Recurrent,Maria Chen,,,,,,,,,,,,,,,,,,,,,
D-00521,Active,Active,Samantha Moore,"$1,200.00",46,Individual,1/1/2022,12/1/2025,30,Monthly,Maria Chen,,,,,,,,,,,,,,,,,,,,,
D-00522,Never Gave,Not Recurrent,George Miller,$0.00,0,Individual,1/0/1900,1/0/1900,46022,Not Recurrent,James Whitfield,,,,,,,,,,,,,,,,,,,,,
D-00523,Lapsing,Not Recurrent,Scott Wright,$25.00,1,Individual,8/13/2024,8/13/2024,505,Not Recurrent,Tom Russo,,,,,,,,,,,,,,,,,,,,,
D-00524,Active,Not Recurrent,Michelle Perez,$100.00,2,Individual,7/31/2022,8/5/2025,148,Not Recurrent,Maria Chen,,,,,,,,,,,,,,,,,,,,,
D-00525,Active,Not Recurrent,Nicholas Moore,$100.00,1,Individual,5/18/2025,5/18/2025,227,Not Recurrent,Maria Chen,,,,,,,,,,,,,,,,,,,,,
D-00526,Lapsed,Not Recurrent,Sarah Garcia,$175.00,2,Individual,8/26/2022,8/25/2023,859,Not Recurrent,Tom Russo,,,,,,,,,,,,,,,,,,,,,
D-00527,Lapsed,Not Recurrent,Emma Perez,$150.00,2,Individual,9/9/2022,12/27/2022,1100,Not Recurrent,James Whitfield,,,,,,,,,,,,,,,,,,,,,
D-00528,Active,Not Recurrent,Helen Rodriguez,$300.00,1,Individual,8/17/2025,8/17/2025,136,Not Recurrent,Priya Nair,,,,,,,,,,,,,,,,,,,,,
D-00529,Active,Not Recurrent,Jessica Lopez,"$21,000.00",4,Individual,10/15/2022,12/25/2025,6,Not Recurrent,Maria Chen,,,,,,,,,,,,,,,,,,,,,
D-00530,Active,Active,Emily Martinez,"$3,600.00",46,Individual,1/1/2022,12/1/2025,30,Monthly,Maria Chen,,,,,,,,,,,,,,,,,,,,,
D-00531,Active,Not Recurrent,Scott Anderson,$100.00,1,Individual,11/14/2025,11/14/2025,47,Not Recurrent,Maria Chen,,,,,,,,,,,,,,,,,,,,,
D-00532,Lapsed,Not Recurrent,Jacob Rivera,$75.00,1,Individual,7/9/2023,7/9/2023,906,Not Recurrent,Tom Russo,,,,,,,,,,,,,,,,,,,,,
D-00533,Lapsed,Not Recurrent,Whitfield Family Foundation,$350.00,2,Organization,2/13/2022,8/31/2022,1218,Not Recurrent,James Whitfield,,,,,,,,,,,,,,,,,,,,,
D-00534,Active,Not Recurrent,Carol Robinson,$500.00,2,Individual,5/18/2024,7/20/2025,164,Not Recurrent,Priya Nair,,,,,,,,,,,,,,,,,,,,,
D-00535,Lapsed,Not Recurrent,Pamela Hill,$150.00,2,Individual,1/23/2022,2/15/2022,1415,Not Recurrent,Priya Nair,,,,,,,,,,,,,,,,,,,,,
D-00536,Lapsing,Not Recurrent,Northgate Manufacturing,$250.00,1,Organization,10/9/2024,10/9/2024,448,Not Recurrent,Priya Nair,,,,,,,,,,,,,,,,,,,,,
D-00537,Never Gave,Not Recurrent,Joshua Roberts,$0.00,0,Individual,1/0/1900,1/0/1900,46022,Not Recurrent,Aisha Bello,,,,,,,,,,,,,,,,,,,,,
D-00538,Active,Not Recurrent,Cynthia Garcia,$50.00,1,Individual,7/13/2025,7/13/2025,171,Not Recurrent,Priya Nair,,,,,,,,,,,,,,,,,,,,,
D-00539,Lapsed,Canceled,Bluebird Community Bank,$160.00,6,Organization,1/1/2022,10/1/2023,822,Quarterly,Aisha Bello,,,,,,,,,,,,,,,,,,,,,
D-00540,Active,Canceled,Joseph Rivera,"$3,000.00",39,Individual,1/1/2022,4/1/2025,274,Monthly,Priya Nair,,,,,,,,,,,,,,,,,,,,,
D-00541,Lapsed,Not Recurrent,Stephen Harris,$300.00,2,Individual,6/9/2023,12/23/2023,739,Not Recurrent,Priya Nair,,,,,,,,,,,,,,,,,,,,,
D-00542,Never Gave,Not Recurrent,Michael Clark,$0.00,0,Individual,1/0/1900,1/0/1900,46022,Not Recurrent,Aisha Bello,,,,,,,,,,,,,,,,,,,,,
D-00543,Lapsing,Not Recurrent,James Flores,$25.00,1,Individual,9/19/2024,9/19/2024,468,Not Recurrent,Tom Russo,,,,,,,,,,,,,,,,,,,,,
D-00544,Active,Not Recurrent,Jacob Robinson,$25.00,1,Individual,12/13/2025,12/13/2025,18,Not Recurrent,Priya Nair,,,,,,,,,,,,,,,,,,,,,
D-00545,Active,Not Recurrent,Anthony Brown,$475.00,3,Individual,8/31/2022,9/6/2025,116,Not Recurrent,Maria Chen,,,,,,,,,,,,,,,,,,,,,
D-00546,Active,Not Recurrent,Cedar Ridge Corporation,"$30,000.00",4,Organization,9/29/2022,6/9/2025,205,Not Recurrent,Priya Nair,,,,,,,,,,,,,,,,,,,,,
D-00547,Lapsed,Not Recurrent,George Williams,$500.00,2,Individual,4/9/2022,10/3/2022,1185,Not Recurrent,Aisha Bello,,,,,,,,,,,,,,,,,,,,,
D-00548,Active,Active,Bluebird Community Bank,"$1,015.00",29,Organization,8/22/2023,12/22/2025,9,Monthly,Priya Nair,,,,,,,,,,,,,,,,,,,,,
D-00549,Active,Active,Lakeside Rotary Club,$380.00,18,Organization,6/4/2024,12/4/2025,27,Monthly,Priya Nair,,,,,,,,,,,,,,,,,,,,,
D-00550,Active,Canceled,Helen Torres,"$1,600.00",15,Individual,1/1/2022,10/1/2025,91,Quarterly,Priya Nair,,,,,,,,,,,,,,,,,,,,,
D-00551,Active,Active,Lisa Flores,$480.00,46,Individual,1/1/2022,12/1/2025,30,Monthly,Maria Chen,,,,,,,,,,,,,,,,,,,,,
D-00552,Lapsing,Not Recurrent,Northgate Manufacturing,$250.00,1,Organization,7/13/2024,7/13/2024,536,Not Recurrent,Aisha Bello,,,,,,,,,,,,,,,,,,,,,
D-00553,Active,Not Recurrent,Andrew Taylor,$100.00,1,Individual,9/27/2025,9/27/2025,95,Not Recurrent,Priya Nair,,,,,,,,,,,,,,,,,,,,,
D-00554,Lapsed,Not Recurrent,Ronald Campbell,$150.00,1,Individual,4/10/2023,4/10/2023,996,Not Recurrent,James Whitfield,,,,,,,,,,,,,,,,,,,,,
D-00555,Never Gave,Not Recurrent,Jacob Williams,$0.00,0,Individual,1/0/1900,1/0/1900,46022,Not Recurrent,Priya Nair,,,,,,,,,,,,,,,,,,,,,
D-00556,Lapsed,Not Recurrent,Redwood Insurance Group,$50.00,1,Organization,1/2/2022,1/2/2022,1459,Not Recurrent,James Whitfield,,,,,,,,,,,,,,,,,,,,,
D-00557,Lapsed,Not Recurrent,Melissa Jones,$150.00,1,Individual,7/9/2022,7/9/2022,1271,Not Recurrent,Aisha Bello,,,,,,,,,,,,,,,,,,,,,
D-00558,Lapsing,Not Recurrent,Stephanie Lopez,$150.00,1,Individual,8/9/2024,8/9/2024,509,Not Recurrent,Aisha Bello,,,,,,,,,,,,,,,,,,,,,
D-00559,Lapsing,Not Recurrent,Donald White,$75.00,1,Individual,8/5/2024,8/5/2024,513,Not Recurrent,James Whitfield,,,,,,,,,,,,,,,,,,,,,
D-00560,Never Gave,Not Recurrent,Betty Garcia,$0.00,0,Individual,1/0/1900,1/0/1900,46022,Not Recurrent,Priya Nair,,,,,,,,,,,,,,,,,,,,,
D-00561,Active,Active,Helen Martin,"$4,800.00",46,Individual,1/1/2022,12/1/2025,30,Monthly,Priya Nair,,,,,,,,,,,,,,,,,,,,,
D-00562,Lapsed,Not Recurrent,Eric Davis,$350.00,2,Individual,3/29/2023,4/23/2023,983,Not Recurrent,Priya Nair,,,,,,,,,,,,,,,,,,,,,
D-00563,Lapsed,Not Recurrent,Cascade Health Partners,$150.00,1,Organization,6/30/2023,6/30/2023,915,Not Recurrent,James Whitfield,,,,,,,,,,,,,,,,,,,,,
D-00564,Lapsed,Not Recurrent,Jeffrey Nelson,$25.00,1,Individual,7/28/2023,7/28/2023,887,Not Recurrent,Aisha Bello,,,,,,,,,,,,,,,,,,,,,
D-00565,Active,Not Recurrent,Stephen Lee,$700.00,4,Individual,3/11/2022,2/25/2025,309,Not Recurrent,Priya Nair,,,,,,,,,,,,,,,,,,,,,
D-00566,Active,Not Recurrent,Anna Lewis,$100.00,1,Individual,4/18/2025,4/18/2025,257,Not Recurrent,Maria Chen,,,,,,,,,,,,,,,,,,,,,
D-00567,Lapsed,Not Recurrent,Scott Nguyen,$25.00,1,Individual,8/15/2023,8/15/2023,869,Not Recurrent,Aisha Bello,,,,,,,,,,,,,,,,,,,,,
D-00568,Active,Not Recurrent,Kathleen Torres,$375.00,2,Individual,9/4/2024,6/17/2025,197,Not Recurrent,Maria Chen,,,,,,,,,,,,,,,,,,,,,
D-00569,Never Gave,Not Recurrent,Charles Flores,$0.00,0,Individual,1/0/1900,1/0/1900,46022,Not Recurrent,James Whitfield,,,,,,,,,,,,,,,,,,,,,
D-00570,Active,Not Recurrent,Ryan Young,$150.00,1,Individual,4/29/2025,4/29/2025,246,Not Recurrent,Aisha Bello,,,,,,,,,,,,,,,,,,,,,
D-00571,Lapsed,Not Recurrent,Pamela Rodriguez,$150.00,1,Individual,11/1/2022,11/1/2022,1156,Not Recurrent,Aisha Bello,,,,,,,,,,,,,,,,,,,,,
D-00572,Lapsed,Not Recurrent,Rebecca Nguyen,$100.00,1,Individual,6/30/2022,6/30/2022,1280,Not Recurrent,Priya Nair,,,,,,,,,,,,,,,,,,,,,
D-00573,Active,Canceled,Nicole Ramirez,$405.00,26,Individual,11/2/2022,1/2/2025,363,Monthly,Priya Nair,,,,,,,,,,,,,,,,,,,,,
D-00574,Never Gave,Not Recurrent,Lakeside Rotary Club,$0.00,0,Organization,1/0/1900,1/0/1900,46022,Not Recurrent,Tom Russo,,,,,,,,,,,,,,,,,,,,,
D-00575,Active,Not Recurrent,Rebecca Jones,$250.00,1,Individual,11/27/2025,11/27/2025,34,Not Recurrent,Tom Russo,,,,,,,,,,,,,,,,,,,,,
D-00576,Lapsed,Canceled,Justin Carter,$275.00,10,Individual,1/1/2022,11/1/2022,1156,Monthly,Tom Russo,,,,,,,,,,,,,,,,,,,,,
D-00577,Active,Active,Anthony Baker,"$4,300.00",40,Individual,6/1/2022,12/1/2025,30,Monthly,Tom Russo,,,,,,,,,,,,,,,,,,,,,
D-00578,Active,Canceled,Angela Sanchez,$370.00,34,Individual,1/1/2022,1/1/2025,364,Monthly,Aisha Bello,,,,,,,,,,,,,,,,,,,,,
D-00579,Active,Active,Melissa Davis,$960.00,45,Individual,1/1/2022,12/1/2025,30,Monthly,Tom Russo,,,,,,,,,,,,,,,,,,,,,
D-00580,Lapsed,Not Recurrent,Rebecca Harris,$350.00,2,Individual,8/24/2022,10/3/2022,1185,Not Recurrent,Tom Russo,,,,,,,,,,,,,,,,,,,,,
D-00581,Active,Not Recurrent,Laura Martinez,$150.00,1,Individual,8/27/2025,8/27/2025,126,Not Recurrent,James Whitfield,,,,,,,,,,,,,,,,,,,,,
D-00582,Active,Active,Sharon Rodriguez,"$2,900.00",28,Individual,8/28/2023,12/28/2025,3,Monthly,Tom Russo,,,,,,,,,,,,,,,,,,,,,
D-00583,Active,Active,Jason Scott,$480.00,47,Individual,1/1/2022,12/1/2025,30,Monthly,James Whitfield,,,,,,,,,,,,,,,,,,,,,
D-00584,Never Gave,Not Recurrent,Donald Rivera,$0.00,0,Individual,1/0/1900,1/0/1900,46022,Not Recurrent,Priya Nair,,,,,,,,,,,,,,,,,,,,,
D-00585,Active,Not Recurrent,Joseph Nguyen,"$30,000.00",4,Individual,3/3/2022,8/24/2025,129,Not Recurrent,James Whitfield,,,,,,,,,,,,,,,,,,,,,
D-00586,Active,Canceled,Emily Robinson,$160.00,15,Individual,1/1/2022,10/1/2025,91,Quarterly,James Whitfield,,,,,,,,,,,,,,,,,,,,,
D-00587,Active,Not Recurrent,Justin Martin,$600.00,3,Individual,12/6/2022,1/18/2025,347,Not Recurrent,Priya Nair,,,,,,,,,,,,,,,,,,,,,
D-00588,Active,Active,Kevin Clark,"$3,375.00",43,Individual,4/21/2022,12/21/2025,10,Monthly,Aisha Bello,,,,,,,,,,,,,,,,,,,,,
D-00589,Active,Not Recurrent,Linda Green,$25.00,1,Individual,12/25/2025,12/25/2025,6,Not Recurrent,Maria Chen,,,,,,,,,,,,,,,,,,,,,
D-00590,Active,Active,Redwood Insurance Group,"$3,525.00",47,Organization,2/24/2022,12/24/2025,7,Monthly,Aisha Bello,,,,,,,,,,,,,,,,,,,,,
D-00591,Lapsed,Not Recurrent,Karen Nelson,$25.00,1,Individual,9/25/2023,9/25/2023,828,Not Recurrent,Aisha Bello,,,,,,,,,,,,,,,,,,,,,
D-00592,Never Gave,Not Recurrent,John Perez,$0.00,0,Individual,1/0/1900,1/0/1900,46022,Not Recurrent,James Whitfield,,,,,,,,,,,,,,,,,,,,,
D-00593,Lapsing,Not Recurrent,Jeffrey Campbell,$50.00,1,Individual,9/29/2024,9/29/2024,458,Not Recurrent,Maria Chen,,,,,,,,,,,,,,,,,,,,,
D-00594,Active,Not Recurrent,Jacob Martin,$200.00,2,Individual,1/13/2024,5/26/2025,219,Not Recurrent,James Whitfield,,,,,,,,,,,,,,,,,,,,,
D-00595,Active,Active,Sharon Smith,$600.00,8,Individual,1/13/2024,10/13/2025,79,Quarterly,Tom Russo,,,,,,,,,,,,,,,,,,,,,
D-00596,Lapsed,Not Recurrent,Redwood Insurance Group,$50.00,1,Organization,4/17/2023,4/17/2023,989,Not Recurrent,Aisha Bello,,,,,,,,,,,,,,,,,,,,,
D-00597,Active,Not Recurrent,Kathleen Roberts,$150.00,1,Individual,11/12/2025,11/12/2025,49,Not Recurrent,James Whitfield,,,,,,,,,,,,,,,,,,,,,
D-00598,Active,Not Recurrent,Whitfield Family Foundation,$250.00,1,Organization,1/30/2025,1/30/2025,335,Not Recurrent,Maria Chen,,,,,,,,,,,,,,,,,,,,,
D-00599,Active,Active,Matthew Williams,$480.00,48,Individual,1/1/2022,12/1/2025,30,Monthly,Priya Nair,,,,,,,,,,,,,,,,,,,,,
D-00600,Lapsed,Not Recurrent,Fairview Family Fund,$250.00,1,Organization,5/21/2022,5/21/2022,1320,Not Recurrent,Maria Chen,,,,,,,,,,,,,,,,,,,,,
,,,,,,,,,,,,,,,,,,,,,,,,,,,,,,,,
,,,,,,,,,,,,,,,,,,,,,,,,,,,,,,,,
,,,,,,,,,,,,,,,,,,,,,,,,,,,,,,,,
,,,,,,,,,,,,,,,,,,,,,,,,,,,,,,,,
